mean_acc_x,mean_acc_y,abs_mean_x,abs_mean_y,std_x,std_y,skew_x,skew_y,kurtosis_x,kurtosis_y,rms_x,rms_y,abs_max_x,abs_max_y,p2p_x,p2p_y,crest_x,crest_y,shape_x,shape_y,impulse_x,impulse_y,clearance_x,clearance_y,entropy_x,entropy_y
0.002102343749999998,0.005246093749999994,0.330418750000001,0.28371796874999944,0.41306434092099936,0.35975654839801696,-0.053557513780925964,0.03702418098256912,0.022552522567703903,0.32434811927507035,0.41298900749596235,0.35972453219442757,1.374,1.5630000000000002,1.374,1.5630000000000002,3.3269650645929922,4.344991403464288,1.2498957988793344,1.2678947821997202,4.1583596572530945,5.50899192915501,0.2810646028145624,0.2396439050751431,5.645801978032501,5.462327524050853
-0.006660546874999995,0.0046269531250000065,0.31934414062499916,0.2833378906249998,0.4077651526321816,0.3560774636470626,-0.14443253745105997,-0.07253338691368322,0.5470352589303951,0.036437394067939,0.40773990781118624,0.3560379769289015,1.8519999999999999,1.244,1.8519999999999999,1.244,4.54211119520244,3.4940092928581574,1.2768040992178054,1.256584412849042,5.799386193137561,4.390517615755265,0.2681269827738488,0.23939577980771531,5.457528646878157,5.6112431661778945
-0.004366796875000018,0.0015429687499999949,0.32233242187500066,0.29032890625,0.40772548719746277,0.37061068034616873,0.09560677540399297,-0.051283946044713355,0.23098025301379055,0.207324148755323,0.40766923393466237,0.37054150092297344,1.528,1.426,1.528,1.426,3.748136657879104,3.84842182710441,1.2647478387785482,1.2762818064140777,4.740447737499248,4.911670761340182,0.2720549374849594,0.24243045778865466,5.556110970245246,5.555507190499166
-0.012901171874999983,-0.005701171874999985,0.31084257812499894,0.30229414062499993,0.3948429181958664,0.38380617849130394,-0.1862599486145911,-0.026815862217633768,0.6440223355243582,0.23488333955228669,0.3949765454864061,0.3837735584177534,2.283,1.5119999999999998,2.283,1.5119999999999998,5.780090048609162,3.9398232807746623,1.270664230971519,1.269536874331381,7.344553676562091,5.001750933292673,0.2616654486149404,0.2535779001406176,5.266726524484116,5.549691556951911
-0.011891015624999984,-0.001427343750000001,0.32561132812500054,0.29754609374999996,0.4115051939592918,0.37797938151583005,-0.14206774753548831,-0.09799908814969821,0.434522379416983,0.18790978321448604,0.41159661542355347,0.3779082457257317,2.13,1.381,2.13,1.381,5.174969667348026,3.6543261906020064,1.2640733901786845,1.2700830347423497,6.541541451476478,4.6412976980982465,0.2758812115236644,0.24968202181237,5.413769212402532,5.560690680526049
0.013231640625000022,-0.0002484374999999993,0.31794179687499974,0.29111093750000006,0.3960114180607785,0.37129331540229293,-0.08484038235591242,-0.02591806281683153,-0.045531331294193844,0.24280687597344786,0.3961550955946734,0.371220873226102,1.4069999999999998,1.469,1.406,1.469,3.551639283821238,3.9572128238200293,1.2459987943970248,1.2751869662269282,4.425338265774375,5.046186215521359,0.2711655565804781,0.24353086190594853,5.6076361470438965,5.557036717815736
-0.0024851562500000047,0.004717578125000002,0.3193539062499998,0.320134765625,0.40403620887688024,0.40330314873649037,-0.025354726508814526,-0.051666100066134625,0.28390753817678727,0.0718779091623678,0.4039649321491278,0.4032519669240617,1.666,1.601,1.666,1.601,4.124120356528816,3.9702224200222984,1.2649443900426005,1.2596319120067818,5.216782908851615,5.00101885802488,0.2697400213058336,0.2697072557587669,5.4851821572122965,5.498866074741548
0.00030742187499999856,0.023557812499999976,0.3154425781249999,0.30734375000000047,0.3949145479954344,0.3874813640938455,0.01755799411895948,0.06543142035284552,0.014392595808657482,0.1877218950012156,0.3948375283938006,0.3881212811818621,1.452,1.534,1.452,1.534,3.6774619826710424,3.9523728132836218,1.2516938288443071,1.262824707454964,4.6030564695188945,4.991154041687842,0.26801966518059295,0.26015253580681097,5.623566950428397,5.557457229083218
0.00656328124999999,0.005477343749999999,0.3246757812500001,0.3129835937500002,0.41309360417495283,0.3938401577118191,-0.023171428751117735,-0.001954326047063559,0.3494053667502377,0.09179009287594919,0.41306505994818776,0.3938013220521226,1.6880000000000002,1.45,1.6880000000000002,1.45,4.086523319623626,3.6820597565390636,1.272238595554893,1.2582171395433484,5.199032688860281,4.632830694500258,0.27269382895852673,0.26484326224660704,5.507502719228655,5.597541957834821
-0.008112109375000018,0.014188671875000017,0.3352378906249998,0.3127871093750001,0.4294969124699991,0.39198976681117,-0.19305139389657106,0.007303174560493411,0.5613545722658775,0.05726869742020213,0.4294896348974848,0.39216995528485515,1.7790000000000001,1.4080000000000001,1.7790000000000001,1.4080000000000001,4.142125572889857,3.5902801349922138,1.2811488405942628,1.2537919355707305,5.3066793753036885,4.501464279693031,0.28102641091237557,0.2655106639969798,5.443571832137381,5.586937130204241
-0.000548046874999993,0.010150781249999973,0.321114453125,0.30660390625,0.40595089769152076,0.38707667913333754,-0.042160005463998694,-0.07668559973093363,0.5020382849186009,0.24698286238145428,0.4058719726750358,0.38713417207410095,1.9869999999999999,1.544,1.9869999999999999,1.544,4.895632450065492,3.9882813540533038,1.263948005844017,1.2626524456555288,6.187824872605538,5.035813205657748,0.2715108254606698,0.259208927495603,5.366988019214402,5.51526793203561
-0.014888281250000029,0.004057421875000007,0.3124070312499996,0.3085105468750007,0.39487831834963155,0.3867603930410125,-0.1337074254336065,0.013192009506221774,0.06564092422368262,-0.05704674740545812,0.39508181114802005,0.3867061328749839,1.412,1.3019999999999998,1.412,1.3019999999999998,3.573943320491119,3.3668977275333676,1.264638025486248,1.2534616297304926,4.519744624025654,4.2202771126898675,0.2632044995681333,0.26139820102230116,5.5774337077449925,5.676651399058699
0.019285546875000042,-0.014262890625,0.30544648437500027,0.3041308593750001,0.38772362391843535,0.3842870115662803,-0.03811179892016004,0.03749947835157617,0.2808313973555867,0.23965197918141046,0.38812732235617553,0.38447659378936794,1.4869999999999999,1.376,1.4869999999999999,1.376,3.8312170113997133,3.5788914649868886,1.2706884584065699,1.2641814598475183,4.868283238036527,4.524368236842948,0.2569477792195988,0.2572243621614516,5.548251428460764,5.5874625578626524
0.0076359375,0.012072265625000005,0.320432812499999,0.3088925781250001,0.40536039700860466,0.3835611377568982,-0.03777642180693546,-0.02187689603793931,0.1981932197329428,-0.1715587641524401,0.4053531456104047,0.38367618844296936,1.5630000000000002,1.4869999999999999,1.5630000000000002,1.4869999999999999,3.855897054027649,3.8756640229213275,1.265017594321449,1.2421023216935514,4.877777615237219,4.813971280974751,0.2688631186361391,0.2631329240841342,5.537114972521588,5.562159847269349
-0.0015312499999999927,-0.010392968749999988,0.3007468749999998,0.28946093750000035,0.37719093955809785,0.3657893329999563,-0.005030341925557578,0.07773765154427517,-0.01565499997247688,0.2474089627176852,0.3771203709941294,0.36586552665391914,1.386,1.348,1.386,1.348,3.6752191252526525,3.6844138127151433,1.2539461000023013,1.2639547491755039,4.6085266887644325,4.656932336509131,0.2541721920349157,0.2449697797072392,5.629411498136073,5.551685996433708
0.03608124999999991,0.006713281249999994,0.30855390624999923,0.31406796874999976,0.3869323572935588,0.395069133175026,-0.010876344350958609,0.026136863465702063,-0.019107644388528744,0.0844032889992059,0.3885357418002228,0.39504900902451323,1.246,1.492,1.246,1.492,3.2069121729363776,3.7767465957810304,1.2592151125950095,1.2578455886374549,4.038192272926388,4.750564044904694,0.2596977940126107,0.26546432346184556,5.707522272322018,5.562719700217594
0.004297265625000008,-0.01149960937500002,0.32276835937499876,0.29021445312499905,0.4073130335504409,0.36571993269097436,-0.09031561771581588,0.02112592486947186,0.20901820655769532,0.11876152175988297,0.40725614492371415,0.36582928214110344,1.5419999999999998,1.3559999999999999,1.5419999999999998,1.3559999999999999,3.7863148763264016,3.70664696949267,1.2617598134845547,1.260548116063455,4.777419952147395,4.6724068543063,0.2726600180803403,0.24524149258079894,5.577413185729945,5.583956727155005
0.004051171875000014,0.00426484375,0.31909960937500004,0.3117953124999996,0.39910900389447224,0.3963072138523868,-0.03325531651853328,-0.008049756141787552,0.031066557693302688,0.17638898121982782,0.3990516095812355,0.39625275432796675,1.318,1.4769999999999999,1.318,1.4769999999999999,3.30283093302921,3.727418885718408,1.250554992413912,1.2708746361540226,4.130371712398778,4.737082120181014,0.2712965433244294,0.2610214947935178,5.669659348491005,5.576703948932027
0.012491015625000008,-0.0008308593749999967,0.29394492187499976,0.3091410156249995,0.3694667078633293,0.3914958586394155,-0.050175721788629016,0.012012778902886509,0.04414522677807087,0.1318220290703307,0.36960566983188303,0.3914202689605188,1.527,1.393,1.527,1.393,4.13143012847872,3.558834609406768,1.257397703876844,1.2661544381911694,5.1948507572767575,4.506034235488716,0.24795320162013523,0.2595536582511298,5.499384577699856,5.596378366528475
-0.006817187500000013,0.015474609374999993,0.29727500000000023,0.2945402343750006,0.3713761689556971,0.37344027299551197,0.04665777529874323,0.011635259930796542,0.0731570385897573,0.2191850681748142,0.3713662044565979,0.3736878716129604,1.4409999999999998,1.4080000000000001,1.4409999999999998,1.4080000000000001,3.8802669244191055,3.7678504092803617,1.249234562127988,1.268715876477477,4.847363552266415,4.780331634446155,0.25322049603558205,0.24674744454443265,5.556943246548666,5.5281061996195255
0.005716015624999989,0.0036480468749999937,0.27162226562499947,0.2886027343749993,0.34452396579962413,0.3638993801139231,-0.10798636911492324,0.029414443233283676,0.2733426524051037,0.04496255300675722,0.3445040927505434,0.3638465877992053,1.465,1.345,1.465,1.345,4.2524893922256295,3.6966129272655435,1.268320518414953,1.2607177426338485,5.393519550501699,4.660385505053319,0.22822881005901532,0.24359665352246143,5.4843811335598875,5.623440272824552
-0.01603124999999998,-0.010675390624999982,0.2773101562500005,0.28203554687500026,0.35101454336281873,0.353645554605383,-0.08512933529521383,-0.01684744091040063,0.1276310476333231,-0.007455060496952992,0.35131194293675816,0.3537375986121277,1.266,1.179,1.266,1.179,3.603634961615582,3.3329790348149286,1.2668556669090894,1.2542305483532052,4.565285372594419,4.180324122485665,0.2328964529859389,0.23871042061580452,5.59544690922095,5.646637533473636
8.59375000000072e-05,0.006114062500000001,0.2852390624999996,0.29322890625000025,0.36286907992442885,0.3697896430499039,-0.13894929941327214,0.06329364297178162,0.23718629486360365,0.1092318332394222,0.3627982103129094,0.3697679625031755,1.3980000000000001,1.35,1.3980000000000001,1.35,3.853381742964611,3.650938255605112,1.2719092789505642,1.2610215248967296,4.901151994215386,4.603911726386965,0.2394889202840106,0.24717319554026077,5.53446121069309,5.5687978898725286
-0.010319921874999966,0.005419140624999996,0.291791796875,0.3148957031249998,0.36557924348690585,0.39509695549911505,-0.08684811951519125,-0.002894322664438931,0.0324152095610013,0.09397790439922638,0.36565349408199943,0.3950569505028667,1.226,1.57,1.226,1.57,3.3529010930907828,3.9741105630505986,1.2531315067731013,1.2545644369940685,4.201625998846031,4.985777781085755,0.2472887326023693,0.26681590566013036,5.646817831727636,5.510359151000472
-0.005522656249999998,-0.007639453124999984,0.2947820312499994,0.3304324218749993,0.36770292023349005,0.4165000311802244,0.015418222407360703,0.02360706333209372,-0.012214833299318162,0.09328059935791932,0.3676725753387782,0.41648874487718746,1.4269999999999998,1.463,1.4269999999999998,1.4620000000000002,3.8811706276573497,3.512699966073282,1.2472692917532737,1.2604354697213784,4.840864939931791,4.427531631727847,0.2509024877785624,0.27899290748027894,5.586999484796092,5.591909731264456
-0.031021875000000032,0.007293359375000007,0.2942367187500004,0.3052699218749998,0.373952044524618,0.38774736595802833,-0.14248452882817625,0.022685052831160013,0.5404585519753451,0.361574269343254,0.37516378194230054,0.3877402264443615,1.9680000000000002,1.527,1.9680000000000002,1.527,5.245708926941873,3.9382037143858626,1.2750406663590488,1.270155356488515,6.688492205733577,5.002130542770169,0.24784573144031102,0.25657804350968283,5.406968351265302,5.506236625221496
-0.01737890625000001,0.008075390624999993,0.2873437499999994,0.3255035156249999,0.36739114497227576,0.4106716809839417,-0.03458801140525,-0.06828102839464567,0.2571940465272218,0.14958779426203828,0.3677302743689994,0.4106708683476031,1.31,1.395,1.31,1.395,3.56239366543283,3.3968808296848407,1.2797573441879289,1.2616480272388861,4.5589994562262195,4.2856679975374705,0.23947896419231382,0.27520620222981595,5.598227891610712,5.621208375397817
0.006766406249999994,-0.0024722656250000014,0.2887726562499998,0.3049261718749995,0.36286796059082455,0.37987231664886767,-0.10858308136107363,-0.024267970878592927,0.17516903089982572,-0.16297285482321477,0.36286017451630054,0.3798061620131053,1.3230000000000002,1.465,1.3230000000000002,1.465,3.646032529647499,3.857230731157674,1.2565600193190063,1.245567606341124,4.5814587058915865,4.804441648913488,0.24452678785510412,0.2585699909428973,5.618062229321587,5.574533575197316
0.0010769531249999941,-0.0038792968749999887,0.29406445312500046,0.28545195312499966,0.3757818608868242,0.35784633229805346,-0.1351331754514346,0.004134688248772888,0.6928693877901257,0.04703617114795744,0.3757100023414003,0.3577974642037376,1.7719999999999998,1.3840000000000001,1.7719999999999998,1.3840000000000001,4.716403579774323,3.8681101418089443,1.2776450820517706,1.253441990102824,6.025889838670031,4.84845167408592,0.2466734154014045,0.24160170679341694,5.405623291051398,5.5252745674368775
-0.014935156250000017,-0.015224218750000013,0.2826226562499992,0.30208203125000016,0.36155567395312355,0.37814510846402777,-0.09342544069347791,-0.14184920911767307,0.30056194256085433,0.008370707897336072,0.3617934504399578,0.3783776459686138,1.3519999999999999,1.331,1.3519999999999999,1.331,3.736938848273523,3.517649666096833,1.280128972108756,1.2525658821973165,4.783763686673664,4.406087957275675,0.23663441139729924,0.2565599932315625,5.550018208735511,5.664113927039519
0.007505859374999993,-0.006085937500000003,0.26259414062499975,0.2838132812500005,0.3330169267620006,0.35637991915039524,0.024792071851929838,0.07009045806473944,0.21030338514919533,0.06777411290327029,0.3330364709992359,0.3563622783593963,1.413,1.218,1.413,1.218,4.242778563442206,3.4178701674244825,1.2682555300227816,1.255622276694973,5.3809273757476905,4.291553921069357,0.2205902369715296,0.24006845897392332,5.442425748121489,5.646965995485146
-0.01630078124999997,0.008455468749999983,0.26826093749999996,0.2900875000000001,0.3376910487290564,0.3648453734278385,0.008814727675184751,0.07932174116466544,-0.0051343456625798645,0.10983823085945232,0.33801836465457014,0.36487209338513377,1.28,1.6569999999999998,1.28,1.6569999999999998,3.7867765004663747,4.541317437097019,1.260035724189513,1.2578001237045155,4.771473670108978,5.712069634162104,0.22598279036017205,0.24498842352142075,5.625878191454895,5.4758404732523145
0.021296093749999995,0.009071093750000007,0.2784703125000003,0.30016093750000017,0.3487391981914166,0.3795719340143806,-0.033721505550641295,-0.06770788393721287,-0.001306655024788217,-0.018199622696744022,0.34932083323393404,0.37960618882435204,1.168,1.301,1.168,1.301,3.3436310946212897,3.427236010111487,1.2544275549442407,1.2646755170277673,4.19434297866132,4.334341473063927,0.23624715508415547,0.2516019641741011,5.634011978972657,5.654517490333922
0.01581874999999999,-0.000527343749999997,0.28918437499999994,0.2922070312500001,0.3645318623433907,0.3685259973745266,0.046089926281827294,-0.1004252334059186,0.23412681489640175,0.026003426843650868,0.3648037882290285,0.3684543899860595,1.709,1.357,1.7080000000000002,1.357,4.6847101240271884,3.6829524545801777,1.2614920437144246,1.2609360849733469,5.909724548568713,4.643967649221308,0.24482615308226355,0.24630540339908957,5.455090089093172,5.590442749512753
0.010160937499999982,0.002565624999999987,0.2901937499999997,0.320403125,0.3614063579492467,0.4071145738855675,0.08967908514445294,0.005744064606223659,-0.057100782081983326,0.22960946018964368,0.3614786008967193,0.40704313730242414,1.298,1.495,1.298,1.495,3.590807303060413,3.672829395694363,1.245645713929813,1.2704093859959205,4.472873726605075,4.665996937451843,0.24678579399439413,0.2693259196392763,5.618490374049339,5.574223278602901
-0.019348437499999944,0.0062914062499999975,0.2824249999999993,0.31443124999999944,0.35670485082665015,0.39373963553399094,-0.0466798046192962,0.018601680704733857,0.19222062138378027,0.019385580862889107,0.35715964239573567,0.3937129962771107,1.38,1.349,1.38,1.349,3.863818405526762,3.4263537469068477,1.264617659186462,1.2521433422317643,4.886252987518822,4.290286032320268,0.23757923137811504,0.2672094171931917,5.501912961800037,5.63459769184604
0.00620000000000001,-0.003125390624999997,0.29583515624999945,0.2963792968750004,0.3729188920383058,0.3688179733150944,-0.18116984772548458,0.010742905367254914,0.3761721303456893,-0.15317579329416908,0.372897595066327,0.36875917626294386,1.65,1.315,1.65,1.315,4.424807297849469,3.5660129554642968,1.260491145789329,1.2442136820996308,5.577430420763262,4.436882109733219,0.25089536609964447,0.2526254620032715,5.466487836842884,5.610667463411824
0.014827343749999989,0.007331640625000008,0.2773007812499997,0.2901636718749999,0.347462465290049,0.3671094793742967,-0.04788032027769209,0.04403646890746385,0.05211149809227633,0.10129982565984985,0.34771087801145933,0.3671109893691893,1.238,1.2209999999999999,1.238,1.2209999999999999,3.5604293057498184,3.3259696259653166,1.2539123634779148,1.2651859104103758,4.464466325768786,4.207969909224186,0.2355127569351322,0.24425860892785237,5.583091704026722,5.64328663203094
-0.0003574218750000028,-0.006217968749999999,0.28347539062499977,0.30538828124999984,0.35467345964609265,0.38255004212488714,-0.005050658556902799,-0.05176472344101564,-0.012659548668819909,0.0664674872972757,0.35460436085075825,0.38252585799034555,1.245,1.4509999999999998,1.245,1.4509999999999998,3.5109551304248656,3.7932076216312183,1.2509176195821974,1.252588529018239,4.391915634210976,4.751328355039821,0.2410172998297534,0.2594685163215875,5.660343966894832,5.622995186181168
-0.0016273437499999953,0.009867968750000001,0.28248046874999966,0.29411406249999944,0.3568972947090909,0.37383862175103716,0.1062272662020237,-0.024926140898885053,0.21817354484095386,0.22851910116644492,0.3568312922008806,0.37389584111086305,1.499,1.348,1.499,1.3470000000000002,4.20086475811692,3.6052821448749612,1.263206952961703,1.2712613532746797,5.306561570905075,4.583255858430784,0.23755126589528552,0.24629207825789545,5.5446762203559,5.5567008526640835
0.0062027343749999995,0.009133593750000005,0.2757261718749999,0.30759765625000013,0.34499872729763936,0.3920896883181186,-0.05777650444466002,0.09773170662510973,0.04879384931360242,0.39467585861370713,0.34498710403886823,0.39211948912289496,1.17,1.716,1.17,1.716,3.3914311181561763,4.376217065462372,1.251194624336451,1.2747804840365873,4.243340383844366,5.578716108959297,0.2339605928353378,0.25765149766840717,5.638362164137016,5.4706149162183895
0.0007539062499999847,0.0066746093749999996,0.2811726562500002,0.31393789062499994,0.3562667940062668,0.39008665280649707,-0.04201423082468776,0.016733833848600096,0.24817655541267092,-0.025142254267427777,0.3561980016876147,0.39006756676327903,1.2819999999999998,1.5590000000000002,1.2819999999999998,1.5590000000000002,3.5991218196791364,3.9967434691798234,1.2668301620727547,1.2424991643624703,4.559476078143708,4.965950420627091,0.2368855823877168,0.2683917110548334,5.58192334056478,5.487791312375082
0.002896484375000008,-0.004310156249999992,0.2729128906250001,0.2982304687499998,0.3455287635541832,0.37533894737235873,-0.08860686770874576,0.0595193578786623,0.6492739819975961,0.10670923056017045,0.34547341329959813,0.3752903834033052,1.8019999999999998,1.301,1.8019999999999998,1.301,5.216030903186424,3.466648913840892,1.2658742960379281,1.2583904822880558,6.602839447683194,4.362397998611605,0.23066118954824227,0.25246772753573044,5.342688080633823,5.607381372599126
-0.009724609374999992,0.0072257812499999866,0.2818871093750002,0.2973140625,0.35357020648559595,0.37602031131401237,0.0025665745019808977,0.06171344436682348,0.012660283702669695,0.1809644735909881,0.3536348769166789,0.37601629681271753,1.307,1.3630000000000002,1.307,1.3630000000000002,3.6959024273727015,3.624842889931629,1.2545266000306212,1.2647107696519317,4.636607906256795,4.584377841192763,0.2393395489621329,0.2506692231636554,5.5981813891353065,5.587446828304248
0.018550781249999974,0.009221875000000015,0.2703281249999996,0.30330468749999995,0.3396234067044997,0.3850331187447196,-0.06776576539053221,0.012248511038341837,0.15594198415581406,0.3768215880732404,0.3400634258395774,0.38506835127837963,1.286,1.584,1.286,1.584,3.781647487744424,4.113555410984348,1.25796539238963,1.2695759978268706,4.757181665799672,5.222471215516577,0.2287805800347595,0.2545833688450049,5.55702573623941,5.496755140709589
-0.010973828124999986,0.005885937500000009,0.2636972656249995,0.29182343749999967,0.33151800327773834,0.3668210023835381,-0.027006826130816883,-0.007884897789280495,0.05958577134324283,0.01983687454990868,0.3316348595641373,0.3667965791399233,1.234,1.45,1.234,1.45,3.7209598581458767,3.9531448286677255,1.2576348062544986,1.256912680770967,4.679608630280056,4.968757864076636,0.22279521501968316,0.24662621986027514,5.589966854436235,5.549111929063505
0.013927343750000038,-0.0008781249999999944,0.27504375000000025,0.31178359374999987,0.3483043660550745,0.3888493421028886,0.03511535391672082,0.030022157961613744,0.24079805950587962,-0.05392892186717457,0.34851472462616256,0.38877437925968006,1.405,1.49,1.405,1.49,4.031393512876926,3.832557080632007,1.267124683350057,1.2469366158227504,5.108278228463649,4.778955756070794,0.23215897426357948,0.26586790753903355,5.552782737450598,5.581890852160226
0.007849999999999992,-0.012071875,0.2851382812500002,0.3000000000000001,0.3721638218277703,0.3743696313241194,-0.4637807172044431,0.04726134468919757,3.33407384477168,-0.059077212995557904,0.3721739229261631,0.37449112660549116,2.707,1.368,2.707,1.368,7.273481115271613,3.6529570470734383,1.3052401147071964,1.2483037553516367,9.493639325217748,4.559999999999999,0.2390917984353621,0.2552302305425109,5.114520420682694,5.628533116227102
-0.006256250000000012,0.009172656249999998,0.2742515625,0.32494140624999923,0.34784431658642523,0.40781947331621976,-0.16748516882643588,-0.025641613748266835,0.33801705045210184,-0.012730994299585241,0.34783263980325324,0.4078429758727615,1.5919999999999999,1.405,1.5919999999999999,1.4040000000000001,4.576913773533423,3.444953286233206,1.268297750548835,1.2551277492748356,5.804889443428421,4.323856464506832,0.2311837435586014,0.275605854614763,5.513374318491283,5.652072267367883
-0.008321484375000007,-0.0032054687500000082,0.27897773437500006,0.2959101562500003,0.35449886716650686,0.37126760983147944,-0.04906732580866157,-0.010591130781748389,0.42266235057304424,-0.0014771014496233192,0.3545272969700285,0.37120892975688247,1.4080000000000001,1.4180000000000001,1.4080000000000001,1.4180000000000001,3.971485445644067,3.8199512089558225,1.2708085746136113,1.2544649851195573,5.04699775827764,4.7919950365002,0.23540648586841076,0.25012841162335187,5.512065042179313,5.579706700567773
0.004050000000000001,-0.0022308593750000063,0.2808132812499998,0.3090636718750004,0.35405384351957075,0.3832959143240613,-0.003414808464447336,-0.014431958710764881,0.4647668799012261,-0.17503528419620373,0.35400785324092743,0.3832275377672188,1.591,1.255,1.591,1.255,4.494250580698874,3.274816855051569,1.2606521018703691,1.239963064705365,5.6656864408901635,4.060651943938528,0.23782924969925692,0.2636995599323735,5.356185140636861,5.671977286640057
0.006328906250000023,0.008440624999999976,0.2718953124999996,0.3098015624999997,0.34154814711251114,0.39126304877817836,-0.07663013451834226,0.018417172234990162,0.10715846058797229,0.11451378309862559,0.34154007588788177,0.3912776737417431,1.396,1.61,1.396,1.61,4.087368067629839,4.114724933328693,1.2561455096357437,1.2629945135985023,5.134329044381749,5.196875015761103,0.2302966106907486,0.2612660450350825,5.508821845904617,5.5269060084360575
0.004627343750000003,-0.003664843750000006,0.2932218749999995,0.31361171874999993,0.36664701099361274,0.3962791608006312,0.14366813224356162,0.03212265286622013,-0.0035484528249933867,0.08276628045558043,0.366604597966255,0.3962187044029466,1.5230000000000001,1.4040000000000001,1.5230000000000001,1.4040000000000001,4.154339603073359,3.5434975290115527,1.2502634667562085,1.2634052897710688,5.1940190342211086,4.476873522443907,0.24867391674798117,0.2642312463109134,5.53355168367179,5.615943459419632
0.014171093749999985,-0.005345703125000001,0.27178906249999957,0.2993550781249996,0.34108507122877396,0.37156789091457887,-0.0035547188337479766,0.05215939091310761,-0.02238688260128807,-0.09931559896922648,0.3413127609411199,0.37153377149241024,1.242,1.2690000000000001,1.242,1.2690000000000001,3.6388911934478134,3.415571066130992,1.2558002069752916,1.2411139768180965,4.569720313892329,4.239112988990661,0.23034352973380212,0.2562918951277535,5.615243947419164,5.639293841550389
0.0017078125000000034,0.004542968749999993,0.27022499999999944,0.3032140625000003,0.3463414837780766,0.3836792509299309,-0.17689170008399335,-0.04171349503996744,1.2256990219591342,0.15600097854553052,0.3462780437650504,0.3836312061651787,1.9140000000000001,1.4580000000000002,1.9140000000000001,1.4580000000000002,5.52735015824061,3.8005250265595816,1.281443403700809,1.2652157456093525,7.082986400222053,4.8084841051855856,0.22769833868664796,0.2553314377112892,5.278383339777826,5.569618974610752
-0.004508593749999991,0.005351171875000003,0.28490546874999995,0.2990714843749995,0.3583667260780247,0.3758637827140435,-0.08689254069011572,-0.01567284029918955,0.12841652781791169,0.17492239904594564,0.35832509135385665,0.37582846247074564,1.409,1.4340000000000002,1.409,1.4340000000000002,3.9321834669081848,3.8155705147308323,1.2576981864405041,1.2566509416842369,4.945500015081758,4.794840280399109,0.241068954975674,0.2537716927094054,5.573662424616468,5.524644162320642
-0.002233203125,-0.008510937499999994,0.2627511718750001,0.2932882812500007,0.33006079571764824,0.3686479090534124,-0.05486297153862553,0.02076280087865521,0.0908980336153844,-0.001425839961557429,0.33000388077737064,0.36867415215709054,1.31,1.249,1.31,1.249,3.9696502868818104,3.38781548066816,1.2559558856482096,1.2570367645982774,4.985705641774313,4.258608610875062,0.22215251124520177,0.2482563477786136,5.529631224161251,5.639626383206492
-0.007992968749999992,-0.004530468749999994,0.2715304687500001,0.29165234375,0.3411377739307642,0.36920709884561836,0.006889392859695749,0.01399402638120656,-0.03776579950539327,0.07782110400837627,0.3411647833159218,0.36916278167632194,1.177,1.27,1.177,1.27,3.44994576685275,3.440216790633902,1.256451200067844,1.2657631237579312,4.334688498931116,4.354499551317253,0.2297787049493073,0.2449598845444308,5.6560326195877035,5.618733510897982
-0.016651562499999963,0.0012273437499999945,0.2681578124999998,0.29782812500000033,0.3362465304903581,0.37593755856913547,0.05187526934377699,0.006285255911259244,0.029137452973694966,0.13935020711076795,0.33659298724498093,0.3758661299668409,1.224,1.4580000000000002,1.224,1.4580000000000002,3.6364393982728513,3.879040657716687,1.2552048516020065,1.2620236250919568,4.564476375268764,4.895440952730702,0.22658526881080096,0.25178792821278667,5.591488379253553,5.576301993177509
-0.007082421874999982,-0.004782421874999997,0.27864023437499985,0.30413710937500016,0.34914051204469837,0.3851955780845906,-0.12014833211747297,0.0062018897227042475,0.0746990081575083,0.11637303801140275,0.3491441550643869,0.385150030122191,1.371,1.5630000000000002,1.371,1.5630000000000002,3.926744813319785,4.058158841384823,1.2530285005233717,1.2663697334194828,4.920323165372017,5.139129530138415,0.23664635339263,0.2556677979749892,5.558351518669776,5.549866397047359
-0.0070156250000000045,-0.010545703125000012,0.27209453125000016,0.3051691406250004,0.33999615045920867,0.3865982010705915,-0.011916783138000204,0.03834424780711831,-0.04748848476696832,0.10595865633023438,0.3400021266018052,0.3866665214731225,1.177,1.3259999999999998,1.177,1.3259999999999998,3.4617430536793323,3.4293116325359736,1.249573539901144,1.267056428711015,4.3257025218142795,4.345131350058171,0.2308912743030098,0.25659105932489384,5.607381801529184,5.608681455430937
0.02059882812500003,-0.011655859374999977,0.27912929687499954,0.2979503906249994,0.3462118828660067,0.3730605513786772,0.014408918637178842,-0.07424600343641516,-0.10283651828453122,-0.07813679709693622,0.34675662676165997,0.37316975914538497,1.194,1.237,1.194,1.237,3.4433372222780476,3.314845240495684,1.2422795838480025,1.2524560157904163,4.2775875315399094,4.151697862873049,0.2381803902038049,0.25292257745081925,5.659932490652982,5.693817140446627
-0.0016253906249999862,-0.005942968750000001,0.2701230468750002,0.29849765624999974,0.34309530047628684,0.37376492962241104,-0.16440246678963658,0.05997324651075496,0.418094513548398,0.01969721621495868,0.3430321339493937,0.37373917521949757,1.61,1.367,1.61,1.367,4.693437846372485,3.6576310182018217,1.2699106496756356,1.2520673693547566,5.960246704699098,4.579600447030314,0.22768571446932445,0.25359509332825997,5.390462445755238,5.575368035702077
-0.0072906250000000115,-0.0028093749999999994,0.27891406250000006,0.30745624999999993,0.35149233001559127,0.3855959020498122,-0.00599191936455699,-0.1367473669070882,0.09396700763276167,0.06895584460135984,0.35149928987303775,0.3855308191312336,1.226,1.6740000000000002,1.226,1.6740000000000002,3.48791600814566,4.342065321190769,1.2602422650275573,1.2539371670968917,4.395619170331362,5.4446770882036075,0.2356121381898436,0.2609092822294997,5.625455226613863,5.53237915733453
-0.003705468749999985,0.006803515624999997,0.27214921875000003,0.33278242187499973,0.34556997557672786,0.41856741114691687,-0.0904288047932442,0.02821411808156205,0.10243882790855352,0.0009021681785097435,0.3455223446103017,0.418540952017392,1.291,1.558,1.291,1.558,3.7363719601291137,3.722455335589859,1.26960623365854,1.2577015025589453,4.7437211318469,4.681737668779929,0.22802925153891954,0.28052322130135954,5.616385235484474,5.603187497932742
-0.015344531250000015,0.011826562500000004,0.28595624999999997,0.31133515624999897,0.3610767526531451,0.393441365698837,-0.009920227677449904,-0.03519515037753097,0.2820690002313242,0.036072228727601185,0.36133218463935635,0.3935422576976326,1.5319999999999998,1.48,1.531,1.48,4.239865877237259,3.7607143097123696,1.2635925413043303,1.2640469596746158,5.357462898607742,4.753719489396742,0.24149545583508916,0.26118113065091275,5.413998557932858,5.625392888672053
-0.006223828125000009,-0.007821093749999983,0.25790429687499977,0.2952257812499997,0.3272712053793478,0.36924941032660896,-0.09182375650403626,0.06450965792649915,0.193107703968058,-0.005501533505672285,0.3272664655187344,0.36926012067206715,1.272,1.4280000000000002,1.272,1.4280000000000002,3.886741032216099,3.867192583377233,1.2689453781274256,1.2507719315996138,4.932062068808838,4.836975937378442,0.21694754707097996,0.25067561359998936,5.558507131279961,5.592648499056152
-0.007775390624999992,-0.007703515625000007,0.274823828125,0.3082480468749992,0.34362108451942097,0.38662418880842114,-0.03979036925476131,0.0035026129714714207,-0.04429192960375117,0.07763584752236685,0.34364194040181584,0.3866254228295453,1.176,1.49,1.176,1.49,3.422166684965517,3.853859348139422,1.2504080986948294,1.2542672265051844,4.27910493796452,4.833769475931911,0.23303361584393198,0.2611985432274878,5.608658677990641,5.530004054321605
0.013346093750000019,0.011564453124999999,0.25901484374999995,0.27606054687500003,0.32497740045928714,0.3498834045536284,-0.043167447584830335,-0.058046104226782504,-0.07603120526395557,0.2225373142873579,0.3251879072167353,0.35000616233414367,1.1059999999999999,1.305,1.1059999999999999,1.305,3.401110482447489,3.7285057820043277,1.2554798115377717,1.2678601353804684,4.270025547522313,4.727223845538866,0.21886386229632335,0.2323614205141091,5.632657132057369,5.575072284355258
0.0018460937500000014,-0.013732031249999985,0.2598335937499999,0.2959148437499999,0.32924531949106695,0.3733733322583062,-0.12876100819184122,-0.05711560317346817,0.2729524404191843,0.08896778763825353,0.3291861840205324,0.3735528848938263,1.605,1.53,1.605,1.53,4.8756602734575605,4.095805605770831,1.266911561625324,1.2623661596692932,6.177030371000672,5.170406393308888,0.21858313100261734,0.24953346645099253,5.490424874420874,5.539369461839528
-0.006624999999999969,-0.010223437499999984,0.27492343749999937,0.31015468749999997,0.34741443460346877,0.3901556808911954,-0.0849669909502979,-0.03903276799017459,0.246126811067795,0.07775750416154903,0.34740974772234046,0.3902134191695617,1.294,1.365,1.294,1.365,3.7247083839288266,3.4980857472942484,1.2636599879642536,1.2581251707490693,4.706764951605856,4.401029728109462,0.23225088943322697,0.26236423981168044,5.554798947689199,5.627782410183719
-0.02716250000000007,-0.00667460937500001,0.27934374999999967,0.30564648437500014,0.3494585441671752,0.3846452047642196,0.05400918055099633,-0.026864140478289174,0.020938384065987137,0.013998467925305125,0.35044453466276226,0.3846279894058347,1.255,1.359,1.255,1.359,3.5811658504182526,3.533284205601768,1.2545279236165574,1.2584080271439717,4.4926725584517335,4.446313206510276,0.23708283758662252,0.2583809311275968,5.59548517645853,5.651985981506701
-0.0020968750000000046,-0.003205859375000005,0.26759140625000033,0.2894839843750003,0.3363993792943223,0.3653059456993682,-0.16003466391211263,-0.02584610670946046,0.18353245499785587,0.08950696937174296,0.33634020630159556,0.36524865941317913,1.3330000000000002,1.2819999999999998,1.3330000000000002,1.2819999999999998,3.9632490407783774,3.5099375917209508,1.2569170700024868,1.2617232010321946,4.981475372025325,4.42856969364939,0.22673398408657075,0.24358371871258042,5.5468011591506565,5.594167526389812
-0.0016753906250000009,-0.011775781250000011,0.26983007812499993,0.29888671874999956,0.3413119180748504,0.37348808687152274,-0.1297767135216177,-0.040700628011402576,0.26618155398553167,-0.0985473198722504,0.34124936183548327,0.3736007634745271,1.415,1.465,1.415,1.465,4.1465279008556015,3.9212981964366005,1.2646824409152713,1.249974455328747,5.244041026977338,4.901522577272438,0.22737383331470082,0.2530179545400234,5.451543666451864,5.5592102295953625
0.017353515625,-0.005199218749999995,0.26305820312500067,0.30317187499999976,0.32971031316744076,0.3777059590216136,-0.06628690395387452,-0.0004685917203623417,0.1540838601720571,-0.13391569124792158,0.33010236397688064,0.3776679707014484,1.511,1.406,1.511,1.406,4.577368007294324,3.722846810092513,1.2548643610251597,1.2457223174196113,5.743975979650401,4.637633355666653,0.2229330170702104,0.2583596914723814,5.444181651699799,5.589138647089205
-0.007219531249999978,-0.007462500000000004,0.28237343749999927,0.29957500000000026,0.35188701860985766,0.3768505779598012,-0.040590935390019775,0.027560343348728512,-0.023269134864766894,0.08592969466267464,0.35189235081555836,0.37685086158187275,1.3419999999999999,1.466,1.3419999999999999,1.466,3.8136663013269043,3.8901330723944865,1.246194946419347,1.2579516367583157,4.7525716720433495,4.8935992656263,0.24016566996060215,0.25336670766288183,5.545479665601033,5.494134106654677
0.009602343749999995,0.0007511718749999924,0.27401015625000025,0.2876175781250002,0.3441841519246397,0.36011235193561736,-0.02453309600160552,0.03877495687310508,0.15940649483014324,0.008916615841934039,0.34425086918917125,0.3600427942229576,1.425,1.405,1.425,1.405,4.139423099660905,3.9023138986360313,1.2563434651490986,1.2518108127121528,5.2005371607462045,4.8849587329094994,0.23216139730501348,0.24388202097521508,5.488053303731015,5.508009496036888
0.0013691406250000073,-0.011624609374999983,0.27241289062499974,0.29917460937499896,0.34327144270554083,0.37859872971743236,-0.11923343371380549,0.07202371365364751,0.06956419020235938,0.1403524834169403,0.3432071218894283,0.3787032329831301,1.4240000000000002,1.5759999999999998,1.4240000000000002,1.5759999999999998,4.149098049482705,4.161569964918164,1.2598784187561927,1.2658267818056925,5.227359089846674,5.267826715951588,0.22969366905519925,0.2515133488149838,5.588703493724951,5.541822620243556
-0.025534765624999956,0.0014050781250000048,0.2695363281249998,0.30303632812499975,0.3409411742412881,0.3787604569605046,-0.09724738528263666,-0.003351847373754791,0.15235411673505928,0.14964480634850919,0.34182963878681577,0.3786890797747206,1.3219999999999998,1.6130000000000002,1.3219999999999998,1.6130000000000002,3.8674235642406467,4.259430984805694,1.2682136065469043,1.2496491167175006,4.904719186450114,5.322794167881589,0.22563584198148467,0.25796737847590456,5.594443215215737,5.436341763354087
0.004202343750000003,0.002041796874999994,0.28562968749999984,0.3008753906249998,0.3578322041912451,0.37763073041429923,-0.004368666267577966,-0.02930448533934942,0.05412156647614452,-0.010675179421837822,0.3577869881734802,0.37756248810213533,1.2990000000000002,1.3130000000000002,1.2990000000000002,1.3130000000000002,3.6306518765018754,3.477570048338111,1.2526253531453393,1.2548799265963082,4.54784658895095,4.363932846992049,0.24256351844011123,0.25347074970029976,5.600934686718578,5.611453248902117
0.024201171874999976,-0.0031351562500000012,0.27348710937499976,0.30087187499999973,0.3391420429288294,0.3787024726774458,-0.07076189933160329,-0.07319088292543213,-0.1314069457102165,0.03715285125897605,0.3399383670011006,0.3786414799153679,1.143,1.4169999999999998,1.143,1.4169999999999998,3.362374215312682,3.7423263830384372,1.2429776590858777,1.2584808065405524,4.179356031120072,4.7096459248642,0.23346910423834386,0.2543155963869586,5.665128527875335,5.621905862019854
-0.01615703125,0.0011257812500000005,0.27107421875,0.30990859374999935,0.3437567769758975,0.3899300332517946,-0.09301454782095883,-0.003543594592423193,0.36130785795925346,-0.06518323727525699,0.34406919612012626,0.3898554930596082,1.5830000000000002,1.205,1.5830000000000002,1.205,4.600818724403684,3.0908888586975936,1.2692804122307417,1.2579692881124211,5.839729087110023,3.888243257210426,0.22858877569632327,0.26161538831533726,5.433693227816869,5.719965988026417
-0.004747265625000004,-0.003981640624999982,0.26672617187500014,0.31056210937499984,0.3337853575288882,0.3903013135168585,0.014509760724899054,-0.03918747938686448,0.0736190882033525,0.12870315788524112,0.3337539226127163,0.3902453880452977,1.399,1.48,1.399,1.48,4.191711033830699,3.792485562515371,1.2512979894943657,1.256577593546936,5.245079589173702,4.765552381707064,0.22612682088691494,0.26315669049197016,5.513903833830154,5.523761415406708
-0.012555859375000025,0.00028710937499999836,0.2645738281250001,0.30213085937499956,0.33484630923130415,0.37978321286591843,-0.10142195156724249,-0.0006517901888724915,0.12453440965882301,-0.057787145960208175,0.33501627234266534,0.3797091377579356,1.297,1.287,1.297,1.287,3.871453738442254,3.3894364712930924,1.2662487242856997,1.256770455502022,4.9022233574336065,4.259743617922187,0.22189972471883482,0.25527255739569255,5.580083880303857,5.659445950414053
-0.009289062500000004,-0.007311328125000012,0.25942734374999954,0.29773085937499955,0.32639558064707946,0.3745419350961373,-0.08026991978106135,0.003039498527556889,0.06015525142757827,0.06869473787512925,0.32646400548146215,0.3745401435635766,1.368,1.6369999999999998,1.368,1.6369999999999998,4.190354762028061,4.370693043540541,1.2584024519638275,1.2579822741579967,5.273152707134414,5.498254374559665,0.21919912108455744,0.25141020824109644,5.506424558629002,5.513988759454977
-0.023381250000000024,-0.006698828124999998,0.25925078125000045,0.3057738281249998,0.3281759516126699,0.381864044925356,0.02883055508620608,-0.061109857638859115,0.32863952472073565,-0.04938237570490012,0.3289438675043966,0.38184821868037394,1.3980000000000001,1.5390000000000001,1.3980000000000001,1.5390000000000001,4.249965231473163,4.030397222536791,1.2688249806552743,1.2487930082893657,5.392462052609524,5.033131872132822,0.21804430024609336,0.2594580659300136,5.529679773955018,5.558348650684462
0.027765625000000016,-0.006636718749999998,0.2621140625,0.2945851562500001,0.3324673761786774,0.36791288458039173,-0.13537409374852546,-0.06586494497260106,0.2858813540904439,-0.04904914120379278,0.3335600524549517,0.3679008857270529,1.2590000000000001,1.368,1.2590000000000001,1.368,3.774432791738549,3.718392787493653,1.272575951375946,1.2488778810526124,4.803252400851251,4.643818505366391,0.2198193718309764,0.24926384620310307,5.554608157544452,5.576772768997368
-0.012989843750000027,0.007616796874999987,0.26890703125000004,0.30786523437500024,0.3380437722025748,0.3869847745579131,-0.13376470245963304,-0.03771713906723933,0.0871863060839253,0.00038805980658107586,0.3382272754284463,0.38698415009128556,1.208,1.506,1.208,1.506,3.5715629334440195,3.891632253271226,1.257785167818836,1.2569920435378332,4.492258883617421,4.8917507787371415,0.22700297359376903,0.2598479617569941,5.5959181398240805,5.547061988111027
-0.0029808593750000013,0.008020703125000025,0.2712035156250002,0.30596835937499967,0.34544586955602946,0.3809940843921686,-0.11787608375147911,0.06535109829801568,0.31211102481673514,-0.18905632425549213,0.34539125629042083,0.3810040974394177,1.376,1.329,1.376,1.329,3.983887764787525,3.4881514632826756,1.2735500699334659,1.2452401882916693,5.073680541452232,4.34358638492798,0.2271598390029557,0.2598699158936715,5.530942348006242,5.70817829149061
-0.008920703125000002,0.0024488281250000053,0.27438398437499983,0.294183203125,0.34516586953561373,0.368621775009998,-0.08567539705116801,0.046565485654953685,0.07549081585663364,0.06515560813924859,0.34521372738946066,0.368557907063971,1.219,1.435,1.219,1.435,3.5311457896480394,3.893553692638388,1.2581409522709532,1.2528176427101068,4.442679126395352,4.877912758976456,0.23241494387421058,0.2495159228542703,5.597268937566906,5.536041827406249
0.005400781249999999,0.0007035156249999979,0.2847914062500001,0.3089308593750004,0.35947842943135205,0.3881024447330879,0.06058331408599316,0.006951422144977162,0.14731266816585453,0.16688693931339094,0.3594487880769666,0.38802727382798075,1.331,1.518,1.331,1.518,3.702891883766766,3.91209613959496,1.262147593601998,1.2560327401833558,4.673596080464593,4.913720834076186,0.24040066673043542,0.26225765701849013,5.5669952768863125,5.5020441783711265
-0.003260156249999998,0.0006402343749999997,0.2634101562500001,0.3211574218749997,0.33007857291403586,0.40486801078504275,-0.06398154631961733,0.033401995482651575,0.152808073141256,0.07146544179384096,0.33003020103279923,0.4047894335909411,1.534,1.3530000000000002,1.534,1.3530000000000002,4.648059466071553,3.342478552360808,1.2529137286550587,1.2604081550651274,5.82361751664615,4.212887225525844,0.22349505080600107,0.27133010036743455,5.458836435882892,5.65401458552787
0.008413671875000018,0.00717578124999999,0.2578308593749995,0.28946328124999954,0.32294921543319965,0.36448779892881267,-0.11879646482273135,-0.021862013335698517,-0.035815114085688826,-0.01680212348207366,0.32299573514502494,0.3644872457902327,1.147,1.202,1.147,1.202,3.551130480051068,3.29778343106076,1.2527427319134326,1.2591830100738666,4.448652898960234,4.152512867294811,0.21787878204726122,0.2442486287060603,5.6558947106116975,5.654196723869997
0.005237109374999971,-0.005994531250000005,0.27513164062499995,0.29879687499999963,0.34775836896707346,0.373797402105478,-0.08903071734779562,0.07709059311702494,0.09931556768354799,-0.04785598992935025,0.3477298806859638,0.3737724606545405,1.307,1.301,1.307,1.301,3.758664620428052,3.48072727916263,1.2638672887496574,1.2509249323793663,4.750453263139662,4.354128536317528,0.23139338924447214,0.2535469311603577,5.554071823939144,5.635702850508504
-0.008674999999999997,-0.005600000000000005,0.2715234375,0.31143046874999947,0.3445943124486275,0.39452163662632644,-0.20086041987741743,-0.043997800204220464,1.0461526890858042,0.2099432166597901,0.3446362008517094,0.3944843241895043,2.037,1.5530000000000002,2.037,1.5530000000000002,5.910580475776785,3.9367850755305613,1.2692687011658408,1.2666850670483891,7.502114803625377,4.986666867353526,0.2296693113233334,0.26180542163182025,5.270913384604358,5.5659420996340865
-0.016986328125000002,0.0035503906249999967,0.2707386718749998,0.2941175781249993,0.3363536005979464,0.3663081369977976,0.04491476988218859,-0.044306341293777286,-0.2033556701333663,-0.0334933342323791,0.3367166273134948,0.3662537942422911,1.137,1.192,1.137,1.192,3.3767266234269266,3.254573792105061,1.2436960888578084,1.2452631922823534,4.199621694698102,4.052800949875232,0.22991581964449312,0.25110808763652975,5.659725747201137,5.657821002529201
0.009010546875000008,-0.00016601562500000042,0.2752175781249997,0.31374414062500017,0.35000671389487154,0.3911506439687935,-0.23774470764653438,0.019093892982958834,0.8700808710715746,-0.03673998962787062,0.3500543333942957,0.3910742751343722,1.93,1.297,1.929,1.297,5.513429818982067,3.3165055399114496,1.2719185154492794,1.2464751512341394,7.01263347039346,4.133941744429985,0.23261353446962665,0.2677880246700745,5.312533506983891,5.6569818654385635
-0.010338671875000031,-0.0028417968750000045,0.2757917968750001,0.31617382812499956,0.34836056911804825,0.39680627660346945,-0.12143584421354806,0.029613396727036074,0.6783318879640343,-0.01206789444271772,0.3484459354360084,0.3967389456753962,2.025,1.39,2.025,1.39,5.811518499896201,3.5035632754271364,1.2634383596040677,1.2548127339576796,7.342495400317548,4.396315812232448,0.2339035871709229,0.2677059672382304,5.330392563974167,5.608302145543762
-0.002440234374999995,0.0018820312499999968,0.264390234375,0.2975828125000004,0.3310936989106361,0.37425731398921036,0.04229230931756556,-0.06914168163192169,0.004195440251529625,0.08213440899771696,0.33103802002659033,0.37418894270642195,1.176,1.364,1.176,1.364,3.5524620401775566,3.6452172801646783,1.2520811171756818,1.2574279393451913,4.447970639989717,4.583598053062954,0.22424665411779088,0.25246670760552864,5.626577547940179,5.58215341485063
0.01743515625000005,-0.0005992187500000089,0.26012890624999996,0.2968257812499999,0.32348078759596166,0.36991956752705757,0.03650338203310148,0.018566631648219322,-0.11130837702631702,-0.06310321829650878,0.3238872175426194,0.36984779597491163,1.172,1.295,1.172,1.295,3.6185435439290834,3.501440360314721,1.2451027539067256,1.246009677519923,4.505458531677504,4.3628285742109885,0.22094434386652792,0.2523632462823062,5.57195818634354,5.6313088822443325
-0.0013101562500000164,0.0016441406250000015,0.2820242187500005,0.3143878906250005,0.355732542712197,0.3941551859291038,-0.01045784051097266,0.008727812166721393,0.14786691230767834,0.04170070440409068,0.3556654700171211,0.3940816247341718,1.49,1.365,1.489,1.365,4.189329933907484,3.4637494222694656,1.261116763636529,1.2534885613779234,5.283234208055039,4.341770280294166,0.23886331147994286,0.26628196230790485,5.443140298878441,5.6064091920811086
0.020218359375000015,0.00088593749999999,0.2625675781249996,0.3107492187500004,0.328053365959256,0.39175112158573033,-0.1134478827419651,-0.017425748029583403,0.19932390674638345,0.15889024345935177,0.32861185964124145,0.3916756021808732,1.556,1.5119999999999998,1.556,1.5119999999999998,4.735069518485263,3.860337461871746,1.2515325082703106,1.2604234493537974,5.926093431304153,4.8656598593620695,0.22325029481437314,0.2622615721977968,5.429886305032934,5.542151303346795
0.0027105468750000133,0.015873437499999987,0.2718449218750005,0.31363359375000077,0.3434173743012364,0.39397809253177796,-0.12350101822128134,0.026353130861174853,0.2717113305088379,0.03571427407711836,0.3433609929569388,0.3942208405116981,1.474,1.5959999999999999,1.474,1.5959999999999999,4.292858042220468,4.04849220535473,1.2630767225249946,1.256947113981463,5.422209066232893,5.088740593497076,0.22946402102944996,0.2652667110801272,5.43203719795319,5.562276643381782
-0.010608203125000009,0.0013421875000000029,0.2705707031250003,0.3266164062500004,0.3535618669460768,0.4132061217360561,-0.3540114782282692,0.08380675173294093,5.187191609946767,0.2144281488684161,0.35365194367573427,0.4131275898179032,3.215,1.6059999999999999,3.215,1.6059999999999999,9.090859127153148,3.887418898137223,1.3070592624817605,1.264870906398024,11.882291626062374,4.917083065235637,0.22775968187310508,0.2753370344130662,4.822237645349569,5.562825499802947
0.0016117187500000122,-0.0030121093749999996,0.25500937499999926,0.30236289062500005,0.3215929116141767,0.37548201176421603,-0.08725937254348853,0.04536149980065352,0.06953548799421005,-0.17743648455036798,0.3215341338314639,0.3754207519778641,1.121,1.247,1.121,1.247,3.486410561273678,3.3216064733510704,1.2608718163066155,1.2416231079212452,4.39591681678371,4.124183352733483,0.2149483880917154,0.2573673744324654,5.644172301125391,5.639582833492944
0.008144140625000013,0.011465234375000006,0.26511601562499976,0.2992503906250005,0.3371887871211937,0.37537781041156143,-0.07115486786235621,0.0031657386118975114,0.19905972859493248,-0.03252585922888285,0.33722128132448104,0.37547957303377355,1.528,1.339,1.528,1.339,4.531149380604268,3.566106111129406,1.2719762724613077,1.2547337774549412,5.763514499106381,4.47451379162255,0.22145275910666284,0.2527472254144796,5.418744350305708,5.624586834078928
-0.017178125000000023,0.00393710937500001,0.25371484374999975,0.29697773437499997,0.31892080794597677,0.37210560363397766,-0.05416145991117658,0.06496919628845234,0.04523773786272223,0.012986401179604812,0.3193209029526566,0.3720537516819648,1.1540000000000001,1.3259999999999998,1.1540000000000001,1.3259999999999998,3.61391938119095,3.564001153073918,1.2585818718092125,1.2528001550855823,4.548413419346898,4.464981197296199,0.21418894297989274,0.2512783741975615,5.5797543357082535,5.589330581933814
0.002944921875000002,0.006903515625000009,0.2691957031249988,0.29960117187500035,0.34407562944565356,0.3769419843187401,-0.17911463578763906,0.11816118295255687,1.143549892002301,0.0874990195572618,0.34402102554295283,0.3769315800190068,2.184,1.3969999999999998,2.184,1.3969999999999998,6.3484491872352615,3.7062429206105683,1.2779588290204227,1.2581111671227716,8.11305668941483,4.662865606489872,0.22696798642476473,0.2536632251157455,5.256081247678282,5.572981011155661
0.0035648437499999964,0.0012218750000000046,0.25576484375000036,0.31177187499999914,0.32419929997203806,0.3900279125365773,0.013422982640687716,0.07123215155845784,0.5831553645270233,0.05415891395603323,0.32415557607420525,0.3899536420765294,1.6640000000000001,1.5,1.6640000000000001,1.5,5.133337578678824,3.8466110792359807,1.2673969233670521,1.2507659392834278,6.5059762538220145,4.811210119578631,0.2157340893502332,0.2650262003660389,5.292871477419598,5.567887991104063
-0.004871484375000011,0.003846875000000009,0.2574714843749998,0.29784765624999926,0.32793784421319533,0.37188584388385015,-0.05902363852616081,0.019446284273820308,0.3992838694508567,0.006586761461607971,0.3279099753791048,0.37183310268183467,1.453,1.6019999999999999,1.453,1.6019999999999999,4.431094230421477,4.308384564057436,1.2735778339690365,1.2484002975324255,5.64334339209288,5.378588571653411,0.21614227335833308,0.2527346392601436,5.44867958608459,5.426108164846762
0.002953125000000001,-0.00025820312499999845,0.2748812500000002,0.3139066406249997,0.345726938793469,0.3916093069474971,-0.047096766300087516,0.016033379824543687,0.06741206848727543,-0.1053419748248543,0.3456720221177873,0.3915328984221823,1.435,1.268,1.435,1.268,4.15133394715707,3.2385528907273082,1.2575321966041229,1.2472909067569449,5.2204360974056945,4.03941757165559,0.23259817484650433,0.266639018282823,5.504627168578491,5.701062741289867
-0.0033585937499999987,-0.00209765625,0.27025546874999906,0.296658593749999,0.3441808874967759,0.3732993133256492,-0.31965558667528304,0.005970111796081268,2.354690193932972,0.07521130886699767,0.3441300478652654,0.37323229089770626,2.6519999999999997,1.4240000000000002,2.6519999999999997,1.4240000000000002,7.706388955138021,3.815318327830009,1.273350912960079,1.258120609889487,9.812937411650468,4.800130621532029,0.22927836779448046,0.2506460972530647,5.114712486958096,5.558837076816544
-0.01170859375,0.0030050781249999943,0.26983046874999955,0.30149101562499975,0.3397920349950649,0.3771371618092032,-0.22936023017082321,0.06121709949672673,0.2698957924749448,0.012615172073030756,0.3399273704594847,0.3770754695888137,1.385,1.66,1.385,1.66,4.0743997699504915,4.402301750920488,1.2597812694548982,1.2507021770022737,5.132852514454976,5.5059683836971764,0.22851347518555176,0.25559573816975073,5.519111513592564,5.518322190112178
0.016092578124999972,-0.009282421874999999,0.25605039062499974,0.3093964843749995,0.32105612832915015,0.3899592040911534,-0.052533445166777853,0.07370238423654682,0.07611864017163938,0.03823813675046717,0.3213965527827343,0.3899935160719014,1.235,1.3430000000000002,1.235,1.3430000000000002,3.842604997804274,3.4436469957936353,1.2552082111580831,1.2604975679013064,4.8232693454810125,4.340708662908518,0.21720753465312384,0.2611203807911416,5.570761502782123,5.617186145875588
0.004828515625000027,-0.002893749999999996,0.2502839843749995,0.29510390624999927,0.31464877714293743,0.3714287250760839,0.035187503563805754,0.019356962765998274,0.15486812147409879,0.03548769576790489,0.314624369908984,0.3713674477522224,1.35,1.3219999999999998,1.35,1.3219999999999998,4.29083100075984,3.5598165859761695,1.2570695272198622,1.2584294544634593,5.393872897505501,4.479778044279965,0.21222091809668434,0.24938774978592965,5.458834294567003,5.629674770367194
0.010387109375000005,-0.01286367187500001,0.2553410156249999,0.29706445312499996,0.32300388862226914,0.37332844618452676,-0.14376198069530483,0.0023848779879231305,0.1031051343291125,0.08002685995321501,0.32310779874428114,0.37347712080611445,1.22,1.403,1.22,1.403,3.77582962943445,3.7565888827989236,1.2653971707342357,1.2572258877737932,4.777924130260851,4.722880793178039,0.21504521538956295,0.25147724451119857,5.566275412254115,5.5368606329303445
0.005384375000000002,-0.001541015624999999,0.2683632812500001,0.30262460937500013,0.34012182596340146,0.37889284202003737,-0.04931095342228464,0.009404883016919606,0.35002816079960786,0.04845539450339986,0.3400980143649766,0.37882196665699686,1.506,1.3330000000000002,1.506,1.3330000000000002,4.428135232756267,3.5188033359400217,1.2673045760241333,1.2517883705471422,5.611796043725708,4.404797094172208,0.22592806106369828,0.2578743390264824,5.450709744468302,5.607018620036325
-0.018912890624999974,-0.0007550781249999972,0.27644648437499947,0.36463242187500006,0.39924937266905786,0.8387507126002635,-0.24888260370606052,0.12305688883741757,34.5175393538924,145.01298393094964,0.39961918542454183,0.8385872180433143,5.602,16.209,5.601,16.209,14.018345976178862,19.328937588412874,1.4455571259226385,2.2998152872176325,20.2643199195143,44.45298615150745,0.23023731056711025,0.2770688197269535,4.1346808730834965,3.255409714982612
-0.03255898437499995,0.005262499999999998,0.2650011718749997,0.300051562499999,0.33080929639244394,0.3770708415389377,-0.05066948982891902,-0.06085412224767668,0.13912611346114234,0.056425830223271856,0.33234339180751693,0.3770339155003163,1.395,1.364,1.395,1.364,4.197465736908471,3.6177116803670035,1.254120460887178,1.2565637464404724,5.264127664529791,4.545885342623419,0.22559875424323975,0.25453762207106806,5.531759289642622,5.571825888887119
-0.0013835937500000033,-0.0023613281249999984,0.26934999999999965,0.30355976562499964,0.3377014396376025,0.37804248009081964,-0.16775754946139526,0.06129157087577054,0.15891656257152675,-0.10086028524730173,0.33763831077981976,0.3779760124870687,1.4980000000000002,1.256,1.4980000000000002,1.256,4.436700315613396,3.3229621947053327,1.2535300196020798,1.2451452902819757,5.561537033599414,4.137570726522402,0.22890442213081683,0.25831737641428226,5.477578229262246,5.656131748212649
-0.011425390625000004,0.0002527343750000068,0.2644105468750005,0.2823722656249996,0.3300023989809474,0.3552725329618976,-0.07051827124567664,-0.043624210149773905,-0.08777674266093927,0.04336229960600324,0.3301357042234673,0.3552032269305488,1.126,1.306,1.126,1.306,3.4107186396228624,3.6767683989969946,1.2485723740041967,1.2579253353524147,4.258529068934281,4.625100121321456,0.2242423315547103,0.23846076255639823,5.661182097934172,5.593530851496567
-0.04085429687499999,0.00020820312500000293,0.2585933593749997,0.29909570312499933,0.32126199632453967,0.3710060191001903,0.030434724540396446,-0.03902644490669827,0.025549689852511825,-0.16957092010388264,0.3237870098295709,0.3709336083410006,1.166,1.351,1.166,1.351,3.6011327341814536,3.6421612105798213,1.2521087572091536,1.240183675209732,4.509009832341141,4.516948875843209,0.21914415021540626,0.25489794592908327,5.557324275308197,5.677144635839633
-0.00688906249999998,-0.017537109374999988,0.2537140625000002,0.31219257812500034,0.3221398707459975,0.38810837252197056,0.02595969421510893,-0.017659773769744074,0.17783086690516114,-0.07135953184543142,0.3221506150079493,0.38842865486711287,1.177,1.588,1.1760000000000002,1.588,3.65357055106338,4.088266867291956,1.2697389014767322,1.2441956730681405,4.639080657974955,5.086603946632494,0.2131606166804448,0.2649306467189714,5.579651434153982,5.507243464211122
0.01181328124999999,-0.0073351562500000075,0.2684242187500005,0.29891484375,0.34228468000803824,0.37174921502670694,-0.28229626842752603,0.046008791014814115,0.7969906834612313,-0.041932036077544144,0.3424216561857617,0.3717489744437773,1.857,1.3130000000000002,1.857,1.3130000000000002,5.423138304642124,3.531953254113351,1.2756734760386113,1.243661806085123,6.918153692120959,4.392555363018837,0.22586939635559988,0.25512260969454376,5.379695281128911,5.604383407049956
0.02862773437500002,-0.003000390624999987,0.28410820312500046,0.3006558593749995,0.3584664495863439,0.37822759616095997,-0.1546997219653479,-0.12909243787382566,0.38583519319727255,0.1556089116611088,0.3595379646808874,0.3781656192025853,1.6019999999999999,1.482,1.6019999999999999,1.481,4.455718609359865,3.918917862298013,1.2654965985712836,1.2578022593296945,5.638696744335679,4.929223741325938,0.23992050919410732,0.25492002274696485,5.49132225976692,5.511595819098468
0.012030078125000008,-0.001533984374999998,0.27305898437499987,0.2906566406249997,0.33835986302544485,0.36350102198335854,0.017251933367410023,-0.025040476131889727,-0.02223671542297012,-0.017971072998096638,0.33850760411972275,0.36343325610161903,1.3130000000000002,1.355,1.3130000000000002,1.355,3.878790266512361,3.7283324441314485,1.2396867471492548,1.2503869009155533,4.808484888366899,4.661858050400432,0.23346382295509216,0.24656990222602346,5.506395747705484,5.5700471671199665
0.007506250000000009,0.002360546874999992,0.2611234375,0.3016316406250002,0.3295184212711247,0.37740710381064,-0.17713819305289802,0.034076986761942075,0.2862685418124342,-0.018287490708585707,0.3295395556682081,0.37734076784535875,1.492,1.307,1.492,1.307,4.527529318823861,3.4637126739924184,1.2620068072909314,1.25099862555362,5.713772820564986,4.33309979447717,0.2204495477286359,0.2558393918808975,5.490643638836095,5.614164421816471
-0.004827343750000013,-0.0038761718750000033,0.26218593750000097,0.3065714843749995,0.33310672896588456,0.38284720951436557,-0.04538757778120991,0.041256718322658474,0.352510788698313,0.0036554197588771764,0.3330766463499805,0.3827920530253661,1.5419999999999998,1.4140000000000001,1.5419999999999998,1.4140000000000001,4.629565047258649,3.6939115867859984,1.2703833375883453,1.2486224992704584,5.881322296318787,4.612301117576838,0.2205175831773324,0.2605149004523966,5.438140469603768,5.557905001678688
-0.0010343750000000034,0.0044750000000000085,0.2652445312499998,0.3011156249999999,0.3374883860187455,0.3800439652894787,-0.08246814815816766,-0.08646807069751025,0.415358487727167,0.02174494576519015,0.3374240493244367,0.3799960813942689,1.337,1.4180000000000001,1.337,1.4180000000000001,3.9623731701306824,3.731617428256423,1.2721244345143758,1.2619606883378072,5.040631728387429,4.709154498375834,0.22289302505778166,0.2523569278326498,5.50075397229186,5.525003006745967
-0.001942968750000004,-0.004574609374999996,0.23918203124999987,0.2946957031249994,0.3011074386243795,0.36707666041147186,-0.08833715561038087,0.03994336230410621,0.16026248941638643,-0.07686305248250669,0.3010548927313757,0.3670334682244591,1.228,1.3430000000000002,1.228,1.3430000000000002,4.078990342454643,3.6590668597521177,1.2586852413537057,1.245465964832126,5.134164943671958,4.557243236866428,0.20235010941734308,0.2511431845832918,5.525627206189284,5.5996144294716075
0.0009085937499999899,0.0021480468749999946,0.2508109374999998,0.28998085937500007,0.31695325338965324,0.36295053359371837,-0.03188760149978546,-0.02252210475750882,0.056059255146626796,0.007617762421723295,0.3168926449722364,0.36288599546293443,1.168,1.2790000000000001,1.168,1.2790000000000001,3.685790814432852,3.524522896973131,1.2634721919662562,1.2514136148332957,4.656894199440568,4.410635939063866,0.21146943156594236,0.24618459708572177,5.544726825198499,5.629603277296844
-0.013146093749999966,-0.006326562500000013,0.2571109374999988,0.28673046874999936,0.3247634912794985,0.3584121516016016,-0.10148085618952253,-0.06360466408926747,0.32134256263938843,-0.044371865731299476,0.3249660679401767,0.3583979860521677,1.536,1.255,1.536,1.255,4.726647338093046,3.5016937841199938,1.2639138229589248,1.2499473377022075,5.974074906867807,4.376932822909155,0.2166080021595595,0.24382910565554636,5.446220310565085,5.601760158451698
-0.019217578125000072,0.003511328125,0.26879960937500014,0.30629492187499957,0.34133640295178624,0.38471082691857267,-0.2070957771934481,-0.04437401915530354,0.3983596983157893,-0.016664541138394107,0.34181039094704935,0.3846517078190668,1.625,1.3259999999999998,1.625,1.3259999999999998,4.754097719199334,3.447274438265919,1.2716178856874472,1.2558213680605683,6.045395690039771,4.329160901143333,0.22631449849097246,0.2588253353339233,5.454711872519529,5.672521236481634
-0.011167578124999992,0.004131250000000008,0.263777734375,0.3024921875000005,0.3308031253493658,0.38347991857256053,-0.021940509346444807,0.018827913189025342,0.1228621245230328,0.23616840353928303,0.3309269952298769,0.3834272696271749,1.406,1.49,1.406,1.49,4.248671218325144,3.8860042517288873,1.2545675851450526,1.2675609006502828,5.330245190449463,4.925747049252297,0.22369959345248194,0.2544321845508291,5.450145214736515,5.515175763217089
0.00038398437499999566,-0.004091406250000007,0.2536394531249998,0.2962835937499998,0.318996816520355,0.3706545379236132,-0.022920958362437748,-0.011132198198894785,0.07886652289278073,-0.041094095824040444,0.31893473751988044,0.3706047222530357,1.237,1.3259999999999998,1.237,1.3259999999999998,3.878536435445177,3.5779360606599457,1.257433469400762,1.2508445626785096,4.877001526219093,4.475441867087859,0.21440087922055165,0.25150579468959644,5.547304147030266,5.653953108746752
0.00614023437500002,0.001751953124999994,0.26438945312500034,0.2945191406249993,0.3373446448374303,0.3697454927144653,-0.02153594925013846,0.050040947334282715,0.5731318174477074,0.1897494012101255,0.3373346383090904,0.3696774211432515,1.3869999999999998,1.38,1.3869999999999998,1.38,4.111644173134483,3.7329842751344136,1.2759005108634285,1.255189799748698,5.2460489009909255,4.685603784771003,0.2225379465968457,0.2506373875089546,5.4400411796243775,5.58533940841885
-0.009929687500000018,0.002304296875,0.2641125,0.29358945312500023,0.3372597359331987,0.36756469655805707,-0.27173458175583226,0.06054872352340467,1.6113765215518572,0.04261710192291357,0.3373400315334663,0.3675001238307611,2.353,1.496,2.353,1.496,6.975157941688185,4.070746927663428,1.2772588633005493,1.2517483850971045,8.90908230394245,5.095550892841695,0.22278831959544354,0.24914375586995954,5.19214712467526,5.4793331407746
-0.00030976562499999456,0.00537968749999999,0.28927382812499974,0.3410570312499998,0.4253222465678253,0.6181068927689864,-0.2678784974289948,-2.181268090920799,28.902871778815065,93.0902629854852,0.4252392805270049,0.6180095721346075,5.657,12.328,5.657,12.327,13.303098417881815,19.947911093705294,1.4700233452963893,1.8120417276534535,19.55586523906173,36.14644728131523,0.2369354697629621,0.2686728696161261,4.233514629672339,3.721603696210249
-0.006406249999999987,-0.0003906250000000047,0.2737664062500004,0.3049960937499988,0.3474200122447856,0.38169563961780256,-0.26898428518489137,0.03163280761191697,0.2518971854124663,-0.0013220890759328974,0.34741122067371405,0.381621282327126,1.371,1.496,1.371,1.496,3.946331950192342,3.9201167997691173,1.2690060312091835,1.2512333441225507,5.007919045947581,4.904980852726104,0.2299708240983746,0.25844350514661396,5.57605904289228,5.516011200686012
0.01074726562499997,-0.00811679687499998,0.265437890625,0.3004933593750005,0.33758545991140537,0.3813813184640307,-0.1252466332049256,-0.0779036252488858,0.3758024751731037,0.17819262598780972,0.3376905821856375,0.3813932031258875,1.413,1.337,1.413,1.337,4.184303840677547,3.505568502642384,1.2722018751373865,1.2692233995425106,5.323279192254544,4.449349572252915,0.22273734516131785,0.251692128138033,5.537832417798061,5.581111092638822
0.009142968749999964,0.001360156249999998,0.2664578125000001,0.3499656250000004,0.3771981316355561,0.7672125079855715,0.09031687921501166,-1.0304957600778004,29.713483572343776,160.50766905643752,0.37723526727361995,0.7670638530705894,5.048,15.777000000000001,5.048,15.777000000000001,13.381569640832483,20.56803998369105,1.4157410651024533,2.191826277425357,18.944837656054833,45.081570511389465,0.22094893404567822,0.26894081047720436,4.184957266898432,3.2849866634209346
-0.008988281250000011,-0.007251562499999986,0.2527554687499996,0.29485546874999946,0.32384168048073053,0.3724474958440611,-0.1102365089559797,-0.03069782394630894,0.3267108166020689,0.15867205939906315,0.32390315995872915,0.37244534624223724,1.2009999999999998,1.409,1.2009999999999998,1.409,3.7078983735540834,3.7831053984591634,1.281488236676302,1.2631454584212725,4.7516281485007505,4.778612402792691,0.21034236361857744,0.24804503446833479,5.533468248112257,5.56987124809441
-0.004471093750000008,-0.002767968749999987,0.27613984374999956,0.3126929687500001,0.3538328522389343,0.39163457028786813,-0.052379410347207486,0.045185994474509834,0.6319136865968513,-0.10329104360082697,0.35379199066153294,0.3915678551110259,1.6219999999999999,1.328,1.6219999999999999,1.328,4.584614809869286,3.391493920315437,1.2812058769100882,1.2522438757619994,5.873835437773556,4.24697749139906,0.2316393946658621,0.26404180228637875,5.352052817865891,5.649295437187369
0.0014933593750000068,0.005238671875,0.26008945312499976,0.29410898437500027,0.3264773126466248,0.36797955856047265,-0.057595922004363344,-0.020902651808173998,0.1211731677762371,-0.04900988231092729,0.3264169573997727,0.36794497561201317,1.198,1.4069999999999998,1.198,1.4069999999999998,3.6701524624922386,3.823941331607253,1.2550180465906695,1.251049764405936,4.606107574166945,4.783940902009374,0.2204774964479378,0.24943585443032953,5.556613133433702,5.506791994827481
0.0029824218750000154,0.011124218749999987,0.245080078125,0.2787921874999998,0.3067735730004073,0.3475789836319466,-0.18976656237172015,0.019427866322400653,0.05277591878586385,-0.07793960086967733,0.30672815032716716,0.34768909423506505,1.199,1.3769999999999998,1.199,1.3769999999999998,3.908998892736464,3.9604348333946877,1.2515425679386487,1.2471263895623521,4.8922785122847285,4.939162794868492,0.20798749732516508,0.23658029789764462,5.545049994722218,5.573033743428313
0.015641796875000044,0.005215234375000002,0.2631035156249998,0.2915550781249993,0.3344469673146534,0.3645017124789699,-0.08537199754232432,-0.06885945817178339,0.3494246037951063,-0.11727245092473382,0.33474728749367755,0.3644678285485221,1.66,1.297,1.66,1.297,4.9589647534675025,3.55861312962861,1.2723026018808175,1.2500822516706867,6.3093037584719704,4.448559113911002,0.22071422024440746,0.24677714503493584,5.427201437959466,5.660873656932631
0.01305351562500003,-0.003367578124999982,0.2620675781250003,0.2880722656249995,0.3298105402282145,0.36235849004316695,-0.02246767503086179,0.07929066542981715,0.20107489031505965,0.12988258379566942,0.3300043885835078,0.36230336099824584,1.255,1.584,1.255,1.584,3.8029797281996496,4.372026788919768,1.25923393860687,1.2576822007220831,4.788841141582929,5.498620273504515,0.22171410858906412,0.243037132896007,5.541025244174871,5.496741078334313
0.015324218749999998,-0.004678515625000014,0.24696406249999928,0.2859238281250004,0.3118714370360589,0.36148736553701444,-0.03264342158779215,-0.10839288092915615,0.230468008840639,0.17050825295132155,0.3121868531024329,0.36144703590654204,1.3519999999999999,1.3869999999999998,1.3519999999999999,1.3869999999999998,4.33073970464858,3.8373533663688173,1.2640983062158437,1.2641375091988638,5.474480725307974,4.850942326477352,0.20780385108351837,0.24115448550343857,5.475602913603892,5.54960966418683
0.016989843749999997,0.004407421874999995,0.24895859374999957,0.29193476562500026,0.3108422031171774,0.36472616613531983,-0.19145343151717822,-0.04697083897881706,0.2971425934153209,-0.0879923737687216,0.3112455408817128,0.3646815578993198,1.726,1.265,1.726,1.265,5.545460973064855,3.4687797411165975,1.250189986188068,1.2491885203140387,6.9328797773224204,4.3331598321007565,0.21148756312710207,0.24763851318542643,5.372868531353199,5.648476277715563
0.02000312499999999,0.01103632812499997,0.25483359375000014,0.29185039062499996,0.3260469594453833,0.36281336625662003,-0.061641161742353345,-0.008345920598850072,0.5915113620910715,-0.0565010233150911,0.32659641570292836,0.3629103469479407,1.673,1.249,1.673,1.249,5.122530191885996,3.441621354982112,1.2816066002009523,1.2434807648218846,6.565068503649743,4.279589954720487,0.21336610590662122,0.24900942463531192,5.351399877576229,5.625637729258934
-0.004496093749999997,0.00870312500000003,0.2492437500000003,0.2879921875000004,0.31110483699514124,0.3618502052958993,-0.07160964386051596,-0.03210974349227393,-0.07600794855587223,0.07657178247060736,0.31107656186821614,0.36188419245664755,1.035,1.3019999999999998,1.035,1.3019999999999998,3.3271551986564174,3.597836067835361,1.2480816945990252,1.2565764217359092,4.152561498533057,4.520955972112952,0.2117751064089921,0.24462946856302265,5.690549171871679,5.581753359566856
-0.023513671875000048,-0.0021328125000000067,0.25111054687499956,0.2888953125000003,0.3161042286355371,0.3636506901956562,-0.009124478187060062,0.07984785782852834,0.04949530313558492,0.008688559729726819,0.31691598908957735,0.3635859133770859,1.103,1.3119999999999998,1.103,1.3119999999999998,3.4804176437063052,3.6085006369300263,1.2620576595985635,1.2585386388956572,4.392487745841527,4.541437480056027,0.2114931980506614,0.2440913343633913,5.614000623632487,5.631770730243578
-0.013066796875,0.0012480468750000048,0.2573738281249994,0.29502695312500005,0.3227560448227284,0.3710444282791858,-0.13499138089648946,-0.00031767605721971906,0.0038376898690661854,0.066934611520995,0.3229574487016441,0.37097405095825065,1.304,1.454,1.304,1.454,4.037683618205278,3.919411603707109,1.2548185301296158,1.2574242693042101,5.0665602229247755,4.928363271893854,0.21821628953676336,0.2494435427785688,5.5850652710957736,5.535604774332317
-0.019823046875000035,0.006821484375000002,0.2588363281249998,0.28414335937500057,0.3250154394626671,0.35717264826900785,-0.0865949524084751,0.028807438266854554,0.1713547907600299,0.016076724112873197,0.32555602496440617,0.3571680282312863,1.178,1.2229999999999999,1.178,1.2229999999999999,3.618424816830816,3.424158668558203,1.257767900366696,1.2569993858625104,4.551138584500042,4.304165343473452,0.21975257252804728,0.23962118688168324,5.565076262292338,5.619254378890615
-0.005138671875000002,0.002056250000000023,0.2587160156249999,0.2863281249999999,0.3267866774221903,0.35863442963929754,-0.09150814485820948,-0.06299206218402745,0.19126623602719217,0.05388844419418648,0.32676325348503443,0.35857027292429033,1.261,1.4669999999999999,1.261,1.4669999999999999,3.859063057277807,4.091248245528003,1.2630190392181468,1.2523054552335384,4.874070114885259,5.1234924965893605,0.21843771302722956,0.24293462661110396,5.55429942942469,5.519310462508112
0.007156250000000007,-0.007652734375,0.2508593750000005,0.29200664062500004,0.31310185435363896,0.3665752255233709,-0.12211554524055576,-0.1144159729483105,0.017277370235901923,0.06610462047130827,0.31312248252481045,0.36658350909530135,1.264,1.4480000000000002,1.264,1.4480000000000002,4.036759001806414,3.9499867399205923,1.2481992451938853,1.2553944263414003,5.038679539084388,4.95879133741875,0.2127985338444069,0.2472195916180039,5.556352827017584,5.54921175460849
-0.011199609375000015,-0.0039171875000000005,0.24739960937499964,0.2967210937499999,0.314582689390391,0.39737091461780755,-0.034485121989429546,-0.5572784050835553,0.4906885131525889,11.811705139550634,0.31472057857427294,0.3973126061821466,1.453,4.658,1.453,4.658,4.616793749497691,11.723765940274637,1.2721142905978908,1.339010318278549,5.873089305479031,15.698243563110356,0.20816610433150304,0.248262704546939,5.3480362160930826,4.583393183516426
-0.03297460937499997,-0.0086265625,0.27552460937499995,0.34986640625000026,0.4071987940718339,0.7708134006046341,-0.3377634818381814,-3.253089359207456,40.31168384423105,174.39442899189834,0.4084524609922492,0.7707111164372804,5.705,18.156,5.705,18.156,13.967353718816884,23.557464804619194,1.4824536433198574,2.2028725898495143,20.705954407997247,51.89409350444027,0.2255172757793643,0.26773405162772274,4.113042148314454,3.2807880748057983
-0.010767578125000026,0.00818828124999999,0.24823085937500036,0.2928484375,0.31711840305918204,0.36752413358109154,-0.14033404321073573,0.039837923168688345,0.58445137826889,0.1609367644304207,0.31723924639477574,0.36754356672032784,1.614,1.379,1.614,1.379,5.087642901507596,3.751936164480093,1.2780008383869992,1.2550641207376352,6.502011893540373,4.708920463336944,0.20797241331204044,0.2483253298872216,5.420500624506459,5.543431615412743
0.002892187500000012,0.00604453125,0.2696460937499996,0.29516406250000005,0.33735613797748876,0.37056156539622503,-0.015672915641559815,-0.06044807585906807,-0.039221337840499526,0.10612206621667575,0.337302641369735,0.37053848800596945,1.278,1.389,1.2770000000000001,1.389,3.788882277382221,3.7485984451300047,1.2509086880467204,1.2553645076828057,4.739545758763664,4.705857441571159,0.22921576836852275,0.2508201485559894,5.561868894320861,5.576104413781381
-0.00925234375000001,0.002971484375000001,0.2674164062499994,0.2999253906250003,0.3414071729642496,0.4360689412236842,-0.04334326036824319,-1.0598790020533784,0.6554645633737732,25.899590788112846,0.34146585892662823,0.43599388927412075,1.6369999999999998,6.031000000000001,1.6369999999999998,6.03,4.794037111486881,13.832762679405704,1.2769069172495058,1.4536744900642582,6.12153914920844,20.10833423416499,0.22419514464799292,0.24511290821722087,5.352985970576726,4.368354621829093
0.010102343749999982,0.0014109375000000072,0.24704296875000004,0.30192656250000005,0.3151107506019971,0.38211596545625415,-0.1903683043918577,0.07947318225916233,0.8034531624452197,0.20475153969186888,0.3152111284024568,0.3820439315379838,1.465,1.425,1.465,1.425,4.647678549373771,3.7299375343129166,1.2759364494256902,1.2653538276811394,5.9301424663599125,4.7196907360544,0.20815139877571173,0.25436406273285866,5.332111016607415,5.5465277706603295
-0.0004554687499999968,-0.0037003906249999975,0.28342656249999976,0.396445703124999,0.46691084310991665,1.1095600762454494,0.33444021047774053,-0.69681014901288,79.83616108369004,156.67317627399322,0.4668198628753916,1.1093495157284199,7.832999999999999,20.965999999999998,7.832999999999999,20.965999999999998,16.779491668911408,18.899363728692236,1.6470575614287812,2.798238212657946,27.636788630211772,52.88492178054818,0.22806698124969124,0.28515817346256905,3.8027609690008286,3.013761990542922
-0.0025714843750000156,0.005472265625000001,0.26783945312500024,0.34104414062500044,0.3582095149920721,0.7013056577891503,-0.6887029442837194,2.3207985370113997,10.569276908748783,110.39527951343317,0.35814877702482106,0.7011900244517352,4.044,13.147,4.044,13.147,11.291396926143168,18.749553675239063,1.3371770769621218,2.0560095920918866,15.09859713651921,38.5492622037332,0.22286781567170583,0.2627876350731739,4.633685573201304,3.5706870660805214
-0.0006929687500000067,-0.001639843750000001,0.2502812500000001,0.2829789062499994,0.31115522041146537,0.3512932028870766,-0.021304182495441287,0.003776231430333764,-0.036101193002923804,-0.10019279841916662,0.3110952137710411,0.35122841237042524,1.15,1.339,1.15,1.338,3.6966174633801128,3.81233394805149,1.2429824997719203,1.2411823093984624,4.594830815332748,4.731801453840706,0.21345036059646125,0.24243018143989917,5.584848003694205,5.562420582213104
0.005570312499999996,-0.006728515625000006,0.2609671875,0.28664882812499937,0.3314204613678329,0.3594997926912345,-0.06622633674237921,0.03862605104960686,0.16915351287096003,-0.040264172894461936,0.33140254152804866,0.35949254436375305,1.244,1.139,1.244,1.139,3.7537430891872403,3.1683549988939443,1.2699011883555233,1.2541218002363108,4.76688280974021,3.973503075000588,0.21866828743526232,0.2425242050548058,5.561046363297686,5.71236636274635
-0.02133515624999997,0.006203515625000003,0.2524164062500001,0.2877816406250002,0.3181061671546835,0.35994626458863144,0.11648598092924053,0.020608166348520043,0.25088161740520887,-0.04744097249421264,0.31875883443639647,0.359929419621924,1.237,1.288,1.237,1.288,3.880676757358469,3.5784793622953557,1.2628293032612508,1.2507032027485638,4.900632325677125,4.47561559939244,0.2135497373730714,0.24381823055374566,5.5428836422639005,5.586436876890789
0.0073000000000000035,-0.004332421875000015,0.27159140624999983,0.28391054687499956,0.3438143200544185,0.3552214705304622,-0.1514452657635595,0.030948260868711976,0.23473374940935532,-0.08124561966860044,0.34382466689069874,0.35517850870636125,1.34,1.196,1.34,1.196,3.89733526718135,3.367320856084724,1.2659629832845603,1.2510225936155153,4.933882181701031,4.212594470914729,0.22882210926745214,0.24030631866581129,5.511154738151378,5.67354164984068
-0.013770703124999988,-0.0063617187500000045,0.24493007812499995,0.2847726562499997,0.30409736542809807,0.35679900820782035,0.07581366804548172,-0.06936567273380045,-0.06821277017282634,-0.016366865364922933,0.3043496620613777,0.3567860353208908,1.197,1.245,1.197,1.245,3.932976274370244,3.4894863496556305,1.2425981504241916,1.2528802449616903,4.887109044194693,4.37190851254702,0.20861458304991842,0.2411866389638363,5.550221138717073,5.602289252571641
0.010389062499999994,0.002908984374999981,0.2557539062499995,0.28791835937499977,0.3201730838652582,0.36263802443977355,-0.1112930273365691,-0.06305135374969778,0.040153514033522075,0.25977251520001277,0.32027908606206246,0.36257885941802326,1.2570000000000001,1.3980000000000001,1.2570000000000001,1.3980000000000001,3.9247020948362,3.8557129399213603,1.252294014813559,1.2593113555005424,4.91488094328961,4.85554308879335,0.21741218429268713,0.24402724842574766,5.5736874365911895,5.535225783550263
-0.008273828124999992,-0.010324609375000005,0.2566113281249992,0.2867644531250003,0.3262990804415849,0.35943175771259783,-0.09212441048712885,0.062238956164110945,0.3591559016143777,0.04299538212536502,0.3263402455404094,0.3595098339449494,1.6640000000000001,1.401,1.6640000000000001,1.4000000000000001,5.098972691046632,3.8969726770103614,1.2717296930143482,1.2536764233753876,6.484514975073279,4.88554276770596,0.21536865104929429,0.24302875120153533,5.406478466506681,5.535040871438429
0.0007398437499999813,0.00975468750000002,0.2583585937499997,0.28461640624999973,0.32811407456922254,0.3563382143341097,-0.19685888906386353,0.01117051003496634,0.41233315980973817,-0.06012384094386114,0.32805081780495515,0.356402127606584,1.446,1.234,1.446,1.234,4.407853666317421,3.4623811263050484,1.2697499744188616,1.2522191967160514,5.59687208004863,4.335660112706525,0.21706268960321204,0.24072885815133993,5.459860469723641,5.586886562931684
