Observation,max_freq_1_x,max_freq_2_x,max_freq_3_x,max_freq_4_x,max_freq_5_x,max_freq_1_y,max_freq_2_y,max_freq_3_y,max_freq_4_y,max_freq_5_y
1.0,3920.0000000000005,3880.0000000000005,1220.0,1210.0000000000002,1160.0000000000002,3880.0000000000005,2730.0,2080.0,2070.0000000000005,150.0
2.0,3610.0,3550.0,3140.0,3110.0,1200.0,5740.000000000001,4860.0,2950.0,160.0,150.0
3.0,3670.0000000000005,3440.0,3350.0,3340.0,3140.0,6160.0,6150.0,5770.0,3280.0000000000005,150.0
4.0,3550.0,3320.0000000000005,3310.0,1150.0,1140.0,6170.0,3550.0,3320.0000000000005,3310.0,150.0
5.0,3890.0000000000005,3710.0,3550.0,3460.0,3130.0,6010.0,5970.0,5830.0,5570.0,150.0
6.0,4130.0,3730.0000000000005,3700.0,2570.0000000000005,1180.0,6000.0,5670.0,5580.0,160.0,150.0
7.0,3940.0000000000005,3930.0000000000005,3710.0,3490.0,150.0,5650.0,5580.0,5570.0,4890.000000000001,150.0
8.0,3810.0,3730.0000000000005,3540.0,3530.0000000000005,150.0,5980.0,5780.0,4540.000000000001,4530.0,150.0
9.0,4040.0000000000005,3930.0000000000005,3730.0000000000005,3540.0,3500.0,6140.000000000001,4730.0,4500.0,3120.0000000000005,150.0
10.0,3710.0,3540.0,2970.0000000000005,1130.0,460.00000000000006,6010.0,6000.0,5810.0,5790.000000000001,150.0
11.0,3890.0000000000005,3580.0000000000005,3450.0,2980.0,2970.0000000000005,6200.0,6190.000000000001,6060.0,6000.0,150.0
12.0,4110.0,3610.0,3410.0,3180.0,150.0,5720.0,5660.0,4770.0,160.0,150.0
13.0,3830.0000000000005,3340.0,3180.0,3170.0000000000005,150.0,6230.0,6080.0,5960.0,4360.0,150.0
14.0,3780.0000000000005,3320.0000000000005,3180.0,160.0,150.0,6050.0,5900.0,5480.0,3940.0000000000005,150.0
15.0,3580.0000000000005,3410.0,3400.0,2810.0,160.0,10310.0,6130.0,6120.0,5660.0,150.0
16.0,4390.000000000001,3430.0000000000005,3420.0000000000005,3340.0,3010.0,10320.0,6690.000000000001,6680.0,5960.0,5660.0
17.0,3580.0000000000005,3410.0,3380.0000000000005,160.0,150.0,6240.000000000001,5900.0,5890.000000000001,2120.0000000000005,2110.0
18.0,5310.0,3590.0,3580.0000000000005,3520.0000000000005,3420.0000000000005,10510.0,6060.0,5470.0,5460.0,150.0
19.0,3400.0,3390.0,3150.0,160.0,150.0,5760.0,5580.0,5300.0,3390.0,160.0
20.0,3400.0,3390.0,1300.0,1230.0,160.0,6110.0,5780.0,3400.0,3390.0,2100.0
21.0,5270.0,3580.0000000000005,3220.0000000000005,160.0,150.0,6120.0,6090.000000000001,3790.0,3580.0000000000005,160.0
22.0,3380.0000000000005,3240.0,3230.0000000000005,1290.0,160.0,6120.0,6010.0,5920.0,5910.0,5510.0
23.0,5180.0,3600.0,3440.0,3430.0000000000005,160.0,6110.0,6100.0,3600.0,2060.0,160.0
24.0,3380.0000000000005,3370.0000000000005,3230.0000000000005,3030.0,160.0,10500.0,6920.0,6140.000000000001,5850.0,160.0
25.0,3380.0000000000005,2830.0,2820.0000000000005,160.0,150.0,10410.0,10180.000000000002,5990.000000000001,5540.000000000001,5410.0
26.0,3580.0000000000005,3360.0,1800.0,160.0,150.0,10630.000000000002,10210.0,5790.000000000001,4210.0,160.0
27.0,3640.0,3380.0000000000005,3240.0,3030.0,160.0,10370.0,5810.0,5500.0,5310.0,160.0
28.0,5590.000000000001,5580.0,3600.0,3410.0,3400.0,10360.0,10350.0,6080.0,6070.0,3410.0
29.0,3250.0,3240.0,3230.0000000000005,1400.0,160.0,6300.0,6290.000000000001,6220.0,6070.0,4820.0
30.0,3580.0000000000005,3570.0000000000005,3560.0,3330.0000000000005,3160.0,10310.0,9830.000000000002,6070.0,3570.0000000000005,3560.0
31.0,5310.0,3410.0,3400.0,10.0,0.0,6260.0,6250.0,6210.0,5370.0,10.0
32.0,3580.0000000000005,3570.0000000000005,3560.0,3540.0,3400.0,10340.0,10330.000000000002,5860.0,3580.0000000000005,3570.0000000000005
33.0,3580.0000000000005,3540.0,3210.0,3200.0,150.0,5670.0,5660.0,5270.0,3760.0,0.0
34.0,3380.0000000000005,3330.0000000000005,3270.0000000000005,1440.0,150.0,10280.000000000002,6070.0,6030.0,5770.0,5650.0
35.0,3550.0,3540.0,3290.0,3280.0000000000005,150.0,5650.0,5470.0,3550.0,3540.0,0.0
36.0,3630.0000000000005,3580.0000000000005,3460.0,3400.0,3210.0,6840.000000000001,5610.0,5500.0,5300.0,3580.0000000000005
37.0,3610.0,3550.0,3410.0,3170.0000000000005,3010.0,6070.0,5850.0,5670.0,5660.0,3750.0
38.0,3550.0,3200.0,3180.0,3170.0000000000005,160.0,6040.000000000001,5900.0,5690.000000000001,5650.0,5570.0
39.0,3590.0,3580.0000000000005,3570.0000000000005,3560.0,3340.0,10220.0,5850.0,5840.000000000001,3580.0000000000005,3570.0000000000005
40.0,3570.0000000000005,3560.0,3380.0000000000005,3370.0000000000005,3180.0,10640.0,10390.0,10380.000000000002,5670.0,3570.0000000000005
41.0,3630.0000000000005,3620.0000000000005,3550.0,3420.0000000000005,3180.0,6020.0,5950.0,5670.0,5500.0,2110.0
42.0,3580.0000000000005,3560.0,3370.0000000000005,3310.0,1790.0000000000002,6080.0,5880.0,5870.0,5370.0,3580.0000000000005
43.0,3580.0000000000005,3540.0,3530.0000000000005,3520.0000000000005,3510.0,6070.0,6060.0,5670.0,3760.0,3580.0000000000005
44.0,3580.0000000000005,3550.0,3540.0,3510.0,3370.0000000000005,10430.000000000002,6080.0,6070.0,5680.0,3580.0000000000005
45.0,3580.0000000000005,3540.0,3470.0000000000005,3460.0,1180.0,6110.0,6100.0,6060.0,2130.0,2120.0000000000005
46.0,3590.0,3540.0,3530.0000000000005,3420.0000000000005,3410.0,10880.000000000002,5850.0,5690.000000000001,3010.0,0.0
47.0,3580.0000000000005,3370.0000000000005,3350.0,3340.0,3330.0000000000005,10600.0,10260.0,10250.0,6070.0,5690.000000000001
48.0,3580.0000000000005,3570.0000000000005,3560.0,3420.0000000000005,3410.0,5990.000000000001,5880.0,5870.0,5690.000000000001,5660.0
49.0,3590.0,3580.0000000000005,3570.0000000000005,3380.0000000000005,3370.0000000000005,6090.000000000001,5870.0,5860.0,5850.0,1320.0
50.0,3620.0000000000005,3590.0,3580.0000000000005,3570.0000000000005,3340.0,7050.0,5860.0,5280.0,3590.0,2110.0
51.0,3640.0,3580.0000000000005,3570.0000000000005,3420.0000000000005,3410.0,10390.0,6070.0,3580.0000000000005,2140.0,2130.0
52.0,3590.0,3580.0000000000005,3570.0000000000005,3410.0,3400.0,6060.0,5790.000000000001,5480.0,5470.0,0.0
53.0,3470.0000000000005,3430.0000000000005,3420.0000000000005,1750.0,1230.0,6060.0,5840.000000000001,5490.000000000001,5480.0,2970.0000000000005
54.0,3530.0000000000005,3520.0000000000005,3390.0,1270.0,1260.0000000000002,5860.0,5700.0,5690.000000000001,5670.0,5660.0
55.0,3580.0000000000005,3570.0000000000005,3540.0,3530.0000000000005,3340.0,5800.0,5690.000000000001,3760.0,3200.0,0.0
56.0,3560.0,3550.0,3420.0000000000005,3410.0,3190.0,5880.0,5870.0,5740.000000000001,5510.0,5020.0
57.0,3780.0000000000005,3770.0000000000005,3620.0000000000005,3520.0000000000005,3210.0,6070.0,5670.0,3780.0000000000005,3770.0000000000005,3760.0
58.0,3630.0000000000005,3520.0000000000005,3510.0,3420.0000000000005,3330.0000000000005,10360.0,6910.000000000001,5430.0,2120.0000000000005,160.0
59.0,3580.0000000000005,3560.0,3550.0,3380.0000000000005,1810.0000000000002,10330.000000000002,5870.0,5860.0,5690.000000000001,2760.0
60.0,3570.0000000000005,3550.0,3340.0,3180.0,3170.0000000000005,10390.0,10380.000000000002,6060.0,5680.0,5670.0
61.0,3590.0,3580.0000000000005,3550.0,3380.0000000000005,3370.0000000000005,5870.0,3390.0,3380.0000000000005,2080.0,1320.0
62.0,3800.0,3790.0,3620.0000000000005,3580.0000000000005,3490.0,10430.000000000002,10260.0,10160.0,6040.000000000001,6030.0
63.0,3670.0000000000005,3550.0,3360.0,1260.0000000000002,1210.0000000000002,10220.0,5680.0,5670.0,160.0,150.0
64.0,3610.0,3600.0,3590.0,3580.0000000000005,3360.0,3590.0,3580.0000000000005,3540.0,2110.0,1320.0
65.0,3600.0,3590.0,3580.0000000000005,3420.0000000000005,3410.0,5730.0,5630.0,3600.0,3590.0,3580.0000000000005
66.0,3580.0000000000005,3550.0,3540.0,3380.0000000000005,1180.0,10230.000000000002,5890.000000000001,5880.0,3550.0,3540.0
67.0,3450.0,3440.0,3380.0000000000005,1310.0000000000002,1220.0,10240.0,5880.0,5190.000000000001,5180.0,3030.0
68.0,3620.0000000000005,3400.0,3390.0,3360.0,2820.0000000000005,10790.0,5880.0,5870.0,5800.0,5790.000000000001
69.0,3530.0000000000005,3520.0000000000005,3440.0,3350.0,3340.0,5780.0,5700.0,5690.000000000001,5540.000000000001,5530.0
70.0,3620.0000000000005,3590.0,3530.0000000000005,3520.0000000000005,3500.0,10620.0,10610.0,10600.0,10430.000000000002,10350.0
71.0,3690.0,3620.0000000000005,3560.0,3550.0,3380.0000000000005,10530.000000000002,6070.0,5700.0,5690.000000000001,0.0
72.0,3730.0000000000005,3590.0,3580.0000000000005,3430.0000000000005,3280.0000000000005,3790.0,3590.0,3580.0000000000005,2800.0,2790.0
73.0,3580.0000000000005,3550.0,3540.0,3520.0000000000005,1240.0,5990.000000000001,5860.0,5550.0,5540.000000000001,0.0
74.0,3580.0000000000005,3490.0,3210.0,3020.0000000000005,1800.0,5930.0,5510.0,3020.0000000000005,2590.0,160.0
75.0,3570.0000000000005,3560.0,3550.0,3420.0000000000005,3240.0,5930.0,5900.0,3560.0,3550.0,2990.0
76.0,3560.0,3550.0,3460.0,3380.0000000000005,1830.0,5890.000000000001,5880.0,5790.000000000001,3800.0,3550.0
77.0,3610.0,3550.0,3380.0000000000005,1680.0,1200.0,5860.0,5720.0,5710.0,5680.0,5670.0
78.0,3620.0000000000005,3550.0,3230.0000000000005,3220.0000000000005,3190.0,6160.0,5670.0,4770.0,2120.0000000000005,160.0
79.0,3570.0000000000005,3560.0,3480.0000000000005,3470.0000000000005,3460.0,6280.0,5900.0,5370.0,3600.0,3560.0
80.0,3500.0,3490.0,3430.0000000000005,3390.0,3380.0000000000005,5700.0,5490.000000000001,4770.0,3390.0,2790.0
81.0,3590.0,3580.0000000000005,3510.0,3500.0,1680.0,10610.0,10600.0,10300.0,5910.0,5900.0
82.0,3630.0000000000005,3560.0,3400.0,3390.0,1830.0,6200.0,6160.0,5860.0,5850.0,5710.0
83.0,3560.0,3530.0000000000005,3480.0000000000005,3440.0,1790.0000000000002,5900.0,5690.000000000001,5670.0,5660.0,0.0
84.0,3590.0,3580.0000000000005,3560.0,3550.0,3370.0000000000005,10590.0,10500.0,5990.000000000001,5890.000000000001,5270.0
85.0,3740.0,3470.0000000000005,3430.0000000000005,3360.0,3210.0,5710.0,5700.0,5690.000000000001,5680.0,0.0
86.0,3590.0,3580.0000000000005,3530.0000000000005,3400.0,3390.0,10390.0,5870.0,5490.000000000001,3400.0,1320.0
87.0,3560.0,3550.0,3430.0000000000005,3350.0,3220.0000000000005,6050.0,5880.0,5870.0,5470.0,5460.0
88.0,3440.0,3370.0000000000005,3360.0,3350.0,3210.0,6070.0,5810.0,5700.0,5680.0,5670.0
89.0,3590.0,3580.0000000000005,3430.0000000000005,3420.0000000000005,3370.0000000000005,10700.0,5990.000000000001,5690.000000000001,5670.0,3580.0000000000005
90.0,3780.0000000000005,3770.0000000000005,3500.0,3470.0000000000005,3410.0,10420.0,10410.0,6070.0,5640.000000000001,5560.0
91.0,3510.0,3500.0,3380.0000000000005,3370.0000000000005,3010.0,6090.000000000001,5960.0,5670.0,5470.0,0.0
92.0,3590.0,3420.0000000000005,3400.0,3390.0,3380.0000000000005,10750.0,10530.000000000002,5770.0,5680.0,5480.0
93.0,3740.0,3620.0000000000005,3580.0000000000005,3180.0,1260.0000000000002,5850.0,3790.0,3610.0,3600.0,3580.0000000000005
94.0,3590.0,3580.0000000000005,3540.0,3420.0000000000005,3160.0,5890.000000000001,5880.0,5690.000000000001,3590.0,3580.0000000000005
95.0,3630.0000000000005,3540.0,3530.0000000000005,3390.0,3330.0000000000005,5490.000000000001,5480.0,3540.0,3020.0000000000005,3010.0
96.0,3540.0,3520.0000000000005,3410.0,3360.0,3210.0,5700.0,5690.000000000001,5680.0,5670.0,0.0
97.0,3620.0000000000005,3580.0000000000005,3560.0,3220.0000000000005,1790.0000000000002,5680.0,5290.000000000001,3560.0,160.0,150.0
98.0,3800.0,3600.0,3590.0,3560.0,3530.0000000000005,6110.0,5960.0,5450.0,5080.0,3800.0
99.0,3580.0000000000005,3570.0000000000005,3560.0,1800.0,1250.0,5870.0,5700.0,5690.000000000001,5680.0,0.0
100.0,3600.0,3590.0,3450.0,1220.0,1210.0000000000002,5890.000000000001,5880.0,5870.0,5680.0,3590.0
101.0,3600.0,3590.0,3570.0000000000005,3560.0,3390.0,10230.000000000002,6080.0,5980.0,3600.0,3390.0
102.0,3570.0000000000005,3430.0000000000005,3420.0000000000005,3410.0,1840.0000000000002,10400.0,6090.000000000001,5910.0,5650.0,0.0
103.0,3570.0000000000005,3520.0000000000005,3390.0,3380.0000000000005,1810.0000000000002,10650.0,5870.0,5860.0,5670.0,5390.000000000001
104.0,3620.0000000000005,3610.0,3560.0,3360.0,3350.0,10460.0,10450.0,6040.000000000001,3560.0,2120.0000000000005
105.0,3530.0000000000005,3380.0000000000005,1810.0000000000002,1220.0,1210.0000000000002,6110.0,6020.0,5740.000000000001,5690.000000000001,0.0
106.0,3570.0000000000005,3560.0,3550.0,3410.0,1780.0,5740.000000000001,5630.0,5490.000000000001,3570.0000000000005,0.0
107.0,3610.0,3600.0,3420.0000000000005,3410.0,1830.0,10410.0,6080.0,5920.0,5850.0,5660.0
108.0,3750.0,3600.0,3390.0,3360.0,3150.0,5900.0,5560.0,3020.0000000000005,10.0,0.0
109.0,3760.0,3600.0,3590.0,3580.0000000000005,1800.0,10180.000000000002,5900.0,5710.0,5700.0,5670.0
110.0,3760.0,3590.0,3510.0,3210.0,1810.0000000000002,5880.0,5870.0,5860.0,5580.0,3390.0
111.0,3580.0000000000005,3570.0000000000005,3560.0,3360.0,3350.0,5880.0,5870.0,5860.0,5690.000000000001,3560.0
112.0,3560.0,3550.0,3520.0000000000005,1800.0,1780.0,5890.000000000001,5880.0,5870.0,5710.0,5350.0
113.0,3390.0,2980.0,1750.0,1740.0000000000002,1240.0,5860.0,5340.000000000001,3390.0,3380.0000000000005,1320.0
114.0,3610.0,3580.0000000000005,3540.0,3410.0,1710.0000000000002,10400.0,10240.0,10230.000000000002,5850.0,5840.000000000001
115.0,3760.0,3620.0000000000005,3560.0,3550.0,1190.0,5890.000000000001,5880.0,5680.0,5670.0,10.0
116.0,3570.0000000000005,3550.0,3540.0,3420.0000000000005,1810.0000000000002,5870.0,5860.0,5690.000000000001,5680.0,0.0
117.0,3730.0000000000005,3560.0,1790.0000000000002,1690.0000000000002,1110.0000000000002,5880.0,5750.0,5740.000000000001,5730.0,5720.0
118.0,3570.0000000000005,3560.0,3490.0,3380.0000000000005,1220.0,5700.0,5680.0,5670.0,5660.0,0.0
119.0,3590.0,3560.0,3490.0,1800.0,1790.0000000000002,5920.0,5680.0,5650.0,2330.0,0.0
120.0,3620.0000000000005,3590.0,3560.0,3350.0,1250.0,5890.000000000001,5880.0,5870.0,5480.0,3620.0000000000005
121.0,3620.0000000000005,3520.0000000000005,3500.0,1830.0,1800.0,5870.0,5860.0,5780.0,5680.0,5670.0
122.0,3590.0,3580.0000000000005,3530.0000000000005,3390.0,3380.0000000000005,10640.0,5890.000000000001,5740.000000000001,5660.0,3590.0
123.0,3710.0,3530.0000000000005,3520.0000000000005,1830.0,1820.0,5890.000000000001,5880.0,5610.0,5600.0,2320.0000000000005
124.0,3740.0,3730.0000000000005,3450.0,3440.0,3380.0000000000005,5930.0,5880.0,5870.0,5820.0,5680.0
125.0,3630.0000000000005,3620.0000000000005,3520.0000000000005,3510.0,1300.0,5890.000000000001,5860.0,5850.0,5280.0,3620.0000000000005
126.0,3520.0000000000005,1830.0,1820.0,1810.0000000000002,1800.0,10540.0,10360.0,6070.0,5880.0,5870.0
127.0,3480.0000000000005,3470.0000000000005,1840.0000000000002,1710.0000000000002,1700.0,5890.000000000001,5840.000000000001,5380.0,5280.0,3190.0
128.0,3530.0000000000005,3520.0000000000005,3370.0000000000005,1820.0,1810.0000000000002,10450.0,5880.0,5740.000000000001,5720.0,2340.0
129.0,3560.0,3550.0,3390.0,2010.0000000000002,1660.0000000000002,5500.0,5080.0,3560.0,3550.0,0.0
130.0,3600.0,3590.0,3570.0000000000005,3420.0000000000005,3380.0000000000005,10330.000000000002,5670.0,5470.0,3600.0,3590.0
131.0,3750.0,3650.0,3580.0000000000005,3570.0000000000005,3560.0,5890.000000000001,5730.0,5690.000000000001,3580.0000000000005,3570.0000000000005
132.0,3590.0,3580.0000000000005,3570.0000000000005,3560.0,3550.0,5890.000000000001,5770.0,5760.0,5680.0,3590.0
133.0,3540.0,3440.0,3380.0000000000005,1800.0,1230.0,5900.0,5680.0,1320.0,160.0,0.0
134.0,3560.0,3390.0,3380.0000000000005,3360.0,1770.0,5760.0,5570.0,1330.0,1320.0,0.0
135.0,3800.0,3610.0,3370.0000000000005,3210.0,1710.0000000000002,5880.0,5870.0,5660.0,5650.0,3800.0
136.0,3600.0,3590.0,3580.0000000000005,3560.0,3420.0000000000005,10210.0,5730.0,5550.0,3590.0,160.0
137.0,3770.0000000000005,3590.0,3550.0,1280.0,1270.0,5860.0,5850.0,5790.000000000001,5670.0,5660.0
138.0,3600.0,3590.0,3580.0000000000005,3550.0,3540.0,5880.0,5680.0,3600.0,3590.0,0.0
139.0,3620.0000000000005,3610.0,3530.0000000000005,3480.0000000000005,3470.0000000000005,10000.0,5730.0,5370.0,160.0,0.0
140.0,3550.0,3430.0000000000005,3420.0000000000005,1810.0000000000002,1800.0,10630.000000000002,5880.0,5840.000000000001,5490.000000000001,5480.0
141.0,3760.0,3620.0000000000005,3580.0000000000005,3570.0000000000005,3520.0000000000005,6980.0,5880.0,5870.0,5700.0,5690.000000000001
142.0,3580.0000000000005,1800.0,1720.0,1290.0,1280.0,5850.0,5840.000000000001,5790.000000000001,5670.0,5660.0
143.0,3620.0000000000005,3570.0000000000005,3560.0,3550.0,3390.0,5880.0,5670.0,5660.0,3570.0000000000005,2800.0
144.0,3560.0,3550.0,3370.0000000000005,1540.0,1210.0000000000002,5760.0,5690.000000000001,5270.0,5260.0,160.0
145.0,3570.0000000000005,3390.0,3380.0000000000005,3370.0000000000005,1750.0,5900.0,5890.000000000001,5880.0,5870.0,5660.0
146.0,3580.0000000000005,1840.0000000000002,1820.0,1430.0,1300.0,10240.0,5860.0,5750.0,5700.0,4380.0
147.0,3580.0000000000005,3530.0000000000005,3420.0000000000005,1250.0,1240.0,10460.0,5880.0,5750.0,5670.0,3580.0000000000005
148.0,3560.0,3550.0,3410.0,3390.0,3380.0000000000005,10270.0,5910.0,5890.000000000001,5880.0,5840.000000000001
149.0,3600.0,3570.0000000000005,3560.0,3350.0,1770.0,10480.000000000002,5920.0,5910.0,5690.000000000001,5630.0
150.0,3790.0,3500.0,3400.0,1750.0,1320.0,5790.000000000001,5680.0,5670.0,5550.0,5290.000000000001
151.0,3750.0,3610.0,3590.0,3560.0,3550.0,5710.0,5690.000000000001,5650.0,5560.0,5340.000000000001
152.0,3540.0,3530.0000000000005,3480.0000000000005,3430.0000000000005,1820.0,5910.0,5900.0,5890.000000000001,5880.0,5280.0
153.0,3520.0000000000005,3510.0,1800.0,1770.0,1760.0000000000002,5880.0,5870.0,5820.0,5810.0,5800.0
154.0,3600.0,3560.0,1810.0000000000002,1790.0000000000002,1240.0,10290.0,5910.0,5800.0,5770.0,160.0
155.0,3670.0000000000005,3560.0,1740.0000000000002,1720.0,1710.0000000000002,5680.0,5490.000000000001,3170.0000000000005,3010.0,3000.0
156.0,3770.0000000000005,3510.0,3500.0,3390.0,3380.0000000000005,5890.000000000001,5880.0,5870.0,5770.0,3770.0000000000005
157.0,3400.0,1800.0,1790.0000000000002,1250.0,1240.0,10260.0,5990.000000000001,5490.000000000001,5480.0,3400.0
158.0,3640.0,3600.0,3590.0,3550.0,3540.0,10730.000000000002,5870.0,5700.0,5690.000000000001,5630.0
159.0,3600.0,3590.0,1830.0,1770.0,1250.0,7070.0,7060.000000000001,5870.0,5650.0,5350.0
160.0,3640.0,3560.0,3360.0,1790.0000000000002,1250.0,10420.0,5760.0,5750.0,3590.0,0.0
161.0,1840.0000000000002,1740.0000000000002,1270.0,1260.0000000000002,1220.0,5880.0,5720.0,5710.0,5690.000000000001,160.0
162.0,3600.0,3590.0,3510.0,3390.0,3380.0000000000005,5880.0,3770.0000000000005,3600.0,3590.0,3380.0000000000005
163.0,3770.0000000000005,3540.0,3500.0,1760.0000000000002,1230.0,5720.0,5700.0,5640.000000000001,5580.0,5570.0
164.0,1760.0000000000002,1260.0000000000002,1250.0,1210.0000000000002,1200.0,5900.0,5890.000000000001,5690.000000000001,5680.0,4740.000000000001
165.0,3580.0000000000005,3570.0000000000005,3210.0,1790.0000000000002,1780.0,5880.0,5870.0,5810.0,5670.0,0.0
166.0,3650.0,3590.0,3510.0,1770.0,1270.0,5900.0,5890.000000000001,5840.000000000001,5790.000000000001,5780.0
167.0,3590.0,3580.0000000000005,3410.0,1780.0,1210.0000000000002,7190.000000000001,5600.0,3590.0,3580.0000000000005,0.0
168.0,3590.0,3540.0,3530.0000000000005,3500.0,1820.0,10770.0,10490.0,5880.0,5850.0,5760.0
169.0,3590.0,3510.0,3190.0,3180.0,1280.0,5890.000000000001,5880.0,5730.0,5690.000000000001,0.0
170.0,3600.0,3510.0,3500.0,1780.0,1320.0,5880.0,5870.0,5860.0,5500.0,5490.000000000001
171.0,3570.0000000000005,3410.0,1800.0,1250.0,1240.0,10670.0,5880.0,5870.0,5670.0,5500.0
172.0,3630.0000000000005,3600.0,3540.0,3530.0000000000005,1830.0,5870.0,5800.0,5770.0,5710.0,5700.0
173.0,3750.0,3620.0000000000005,1770.0,1250.0,1230.0,10220.0,5690.000000000001,5680.0,5670.0,0.0
174.0,3600.0,3510.0,3500.0,1910.0000000000002,1800.0,11680.000000000002,11310.0,5940.000000000001,5470.0,1330.0
175.0,3510.0,3500.0,3270.0000000000005,1830.0,1820.0,10100.0,5870.0,5670.0,5280.0,5270.0
176.0,3630.0000000000005,3620.0000000000005,3600.0,3560.0,3330.0000000000005,5900.0,5890.000000000001,5760.0,5700.0,3600.0
177.0,3630.0000000000005,3620.0000000000005,3530.0000000000005,3520.0000000000005,3380.0000000000005,11730.000000000002,5780.0,5680.0,5670.0,0.0
178.0,3590.0,3550.0,3430.0000000000005,3420.0000000000005,3410.0,11730.000000000002,10390.0,5700.0,5690.000000000001,5680.0
179.0,3630.0000000000005,3600.0,3590.0,3500.0,3420.0000000000005,11760.0,11030.000000000002,5890.000000000001,3600.0,0.0
180.0,3580.0000000000005,3510.0,3420.0000000000005,3390.0,1810.0000000000002,10900.0,5870.0,5750.0,5690.000000000001,5680.0
181.0,3590.0,3570.0000000000005,3560.0,3510.0,3430.0000000000005,11910.0,11900.0,11630.000000000002,10960.0,5380.0
182.0,1330.0,1270.0,1260.0000000000002,1220.0,1180.0,11710.0,10520.0,10450.0,10440.0,10410.0
183.0,3580.0000000000005,3530.0000000000005,3400.0,1810.0000000000002,1800.0,11800.0,11610.0,11600.0,5700.0,0.0
184.0,3620.0000000000005,3590.0,3570.0000000000005,1810.0000000000002,1240.0,11870.0,10810.0,10620.0,10610.0,10.0
185.0,3560.0,3380.0000000000005,3220.0000000000005,1780.0,1610.0000000000002,11920.0,11850.0,11830.000000000002,11210.0,10480.000000000002
186.0,3590.0,3580.0000000000005,1250.0,1240.0,1230.0,12050.0,12030.000000000002,11850.0,11320.0,10380.000000000002
187.0,3600.0,3590.0,3580.0000000000005,3560.0,1790.0000000000002,12000.0,11790.0,11590.0,11560.0,0.0
188.0,3560.0,1810.0000000000002,1800.0,1780.0,1740.0000000000002,11790.0,11780.000000000002,11580.000000000002,11570.0,11400.0
189.0,3500.0,3490.0,3420.0000000000005,3410.0,1760.0000000000002,11890.0,11850.0,11770.0,11090.0,10600.0
190.0,3630.0000000000005,3550.0,3500.0,1270.0,1240.0,11760.0,11730.000000000002,11700.0,11660.0,11320.0
191.0,3440.0,1800.0,1790.0000000000002,1710.0000000000002,1210.0000000000002,11850.0,11730.000000000002,11450.0,11440.0,10510.0
192.0,3590.0,3580.0000000000005,3570.0000000000005,3560.0,1260.0000000000002,11840.0,11800.0,11470.0,10530.000000000002,10520.0
193.0,3560.0,3550.0,3540.0,3390.0,1660.0000000000002,11960.0,11850.0,11790.0,11780.000000000002,11760.0
194.0,3740.0,1810.0000000000002,1760.0000000000002,1540.0,1240.0,11810.0,11680.000000000002,11020.0,10520.0,5900.0
195.0,3600.0,3530.0000000000005,3430.0000000000005,1250.0,1210.0000000000002,11980.000000000002,11930.000000000002,11900.0,11800.0,10550.0
196.0,3640.0,3580.0000000000005,3560.0,1790.0000000000002,1780.0,11980.000000000002,11900.0,11810.0,11750.0,11530.000000000002
197.0,3440.0,3430.0000000000005,3400.0,1800.0,1790.0000000000002,11650.0,11590.0,11580.000000000002,11560.0,11410.0
198.0,12070.0,3420.0000000000005,1230.0,1220.0,1190.0,12070.0,11870.0,11860.0,11740.0,10530.000000000002
199.0,11630.000000000002,3520.0000000000005,3510.0,3500.0,1790.0000000000002,11990.0,11970.0,11840.0,11640.0,11630.000000000002
200.0,3630.0000000000005,3430.0000000000005,3420.0000000000005,3400.0,1600.0,12040.0,11830.000000000002,11710.0,10420.0,10220.0
201.0,3780.0000000000005,3770.0000000000005,3630.0000000000005,3400.0,3260.0,11850.0,11840.0,11640.0,11540.0,11480.000000000002
202.0,3610.0,3570.0000000000005,3560.0,1290.0,1210.0000000000002,12050.0,11930.000000000002,11630.000000000002,11000.0,10560.0
203.0,3600.0,3590.0,3430.0000000000005,3420.0000000000005,1200.0,11860.0,11810.0,11730.000000000002,11720.0,11520.0
204.0,3590.0,3420.0000000000005,3410.0,1800.0,1230.0,11890.0,11830.000000000002,10660.0,10580.000000000002,10350.0
205.0,3390.0,3380.0000000000005,3200.0,3030.0,1240.0,11940.0,11930.000000000002,11910.0,11820.0,11390.0
206.0,11860.0,3770.0000000000005,3570.0000000000005,3560.0,1220.0,12000.0,11910.0,11870.0,11860.0,11730.000000000002
207.0,3590.0,3530.0000000000005,3520.0000000000005,3490.0,1820.0,11860.0,11850.0,11720.0,10430.000000000002,10140.0
208.0,3520.0000000000005,3430.0000000000005,1800.0,1250.0,1240.0,11830.000000000002,11820.0,11780.000000000002,11710.0,10430.000000000002
209.0,3580.0000000000005,3570.0000000000005,3540.0,3400.0,1240.0,11950.0,11940.0,11770.0,11760.0,10190.0
210.0,12130.000000000002,10250.0,3630.0000000000005,3590.0,3400.0,11620.0,11540.0,11510.0,11420.0,11410.0
211.0,3650.0,3590.0,3560.0,1240.0,1230.0,12050.0,12040.0,11620.0,11360.0,10770.0
212.0,3520.0000000000005,3510.0,3440.0,3430.0000000000005,3350.0,11780.000000000002,11730.000000000002,11700.0,11430.000000000002,10780.000000000002
213.0,11670.0,11660.0,3560.0,3550.0,1770.0,11810.0,11740.0,11730.000000000002,11670.0,11660.0
214.0,3600.0,3520.0000000000005,3430.0000000000005,3420.0000000000005,1250.0,11950.0,11890.0,11720.0,11710.0,11690.0
215.0,10290.0,3560.0,3390.0,3380.0000000000005,1270.0,11900.0,11800.0,10530.000000000002,10300.0,10290.0
216.0,3380.0000000000005,3370.0000000000005,3360.0,1800.0,1240.0,11960.0,11730.000000000002,11460.0,11260.0,10430.000000000002
217.0,1760.0000000000002,1270.0,1230.0,1190.0,1180.0,11890.0,11880.000000000002,11670.0,11660.0,11650.0
218.0,11890.0,3620.0000000000005,3350.0,1250.0,1240.0,11990.0,11980.000000000002,11890.0,11490.0,11350.0
219.0,3590.0,3580.0000000000005,3570.0000000000005,3520.0000000000005,1820.0,11950.0,11930.000000000002,11920.0,11660.0,10640.0
220.0,11820.0,3530.0000000000005,3520.0000000000005,3430.0000000000005,1260.0000000000002,11820.0,11690.0,11680.000000000002,11620.0,11260.0
221.0,11880.000000000002,11870.0,11860.0,3390.0,1150.0,11890.0,11880.000000000002,11870.0,11860.0,11290.0
222.0,1760.0000000000002,1680.0,1660.0000000000002,1650.0,1640.0000000000002,11730.000000000002,11590.0,11580.000000000002,11560.0,11550.0
223.0,11850.0,3650.0,3570.0000000000005,3440.0,1680.0,11850.0,11840.0,11730.000000000002,11480.000000000002,10860.0
224.0,11940.0,3630.0000000000005,3570.0000000000005,3460.0,3400.0,11990.0,11940.0,11760.0,11690.0,11340.0
225.0,12010.0,3620.0000000000005,3500.0,3430.0000000000005,1440.0,12010.0,11990.0,11810.0,10980.000000000002,10270.0
226.0,11840.0,3490.0,3480.0000000000005,1820.0,1650.0,11920.0,11850.0,11840.0,11430.000000000002,11220.0
227.0,11720.0,11710.0,3530.0000000000005,3520.0000000000005,1180.0,11720.0,11710.0,11700.0,11510.0,11010.0
228.0,11960.0,11820.0,3550.0,3430.0000000000005,1330.0,11960.0,11820.0,11780.000000000002,11740.0,11390.0
229.0,11730.000000000002,3570.0000000000005,3560.0,3510.0,3450.0,11740.0,11730.000000000002,11700.0,11600.0,11530.000000000002
230.0,11780.000000000002,11770.0,1230.0,1220.0,1210.0000000000002,12000.0,11790.0,11780.000000000002,11770.0,11630.000000000002
231.0,11810.0,10540.0,3510.0,3430.0000000000005,1830.0,11950.0,11850.0,11810.0,11800.0,11700.0
232.0,3560.0,3430.0000000000005,3420.0000000000005,1800.0,1630.0,11940.0,11660.0,11650.0,11300.0,11090.0
233.0,11770.0,3230.0000000000005,3220.0000000000005,1720.0,1230.0,11870.0,11820.0,11770.0,11650.0,11590.0
234.0,11790.0,11740.0,11730.000000000002,10170.0,1770.0,11790.0,11740.0,11730.000000000002,11720.0,11560.0
235.0,11840.0,11830.000000000002,10320.0,3510.0,1690.0000000000002,11960.0,11840.0,11830.000000000002,11800.0,11770.0
236.0,12070.0,11890.0,11860.0,3610.0,3600.0,11900.0,11890.0,11860.0,11760.0,11750.0
237.0,11930.000000000002,3600.0,3590.0,1270.0,1260.0000000000002,11940.0,11930.000000000002,11740.0,11700.0,0.0
238.0,11820.0,11810.0,11640.0,1790.0000000000002,1780.0,11820.0,11810.0,11720.0,11640.0,11290.0
239.0,12000.0,11950.0,3580.0000000000005,1690.0000000000002,1660.0000000000002,11950.0,11880.000000000002,11750.0,11740.0,10720.0
240.0,12110.0,12010.0,11910.0,11900.0,11840.0,12010.0,11910.0,11900.0,11840.0,11800.0
241.0,11970.0,11960.0,11900.0,11890.0,11760.0,11810.0,11760.0,11600.0,11470.0,11260.0
242.0,12120.0,11990.0,11580.000000000002,10390.0,1230.0,11990.0,11970.0,11580.000000000002,11490.0,11300.0
243.0,12130.000000000002,11870.0,1780.0,1250.0,1190.0,12130.000000000002,11700.0,11530.000000000002,11500.0,11490.0
244.0,12040.0,11980.000000000002,11910.0,3480.0000000000005,1810.0000000000002,11980.000000000002,11910.0,11900.0,11810.0,11570.0
245.0,12110.0,12100.0,3480.0000000000005,3390.0,1250.0,11830.000000000002,11620.0,11610.0,11580.000000000002,11470.0
246.0,11860.0,11850.0,3570.0000000000005,3560.0,1800.0,11860.0,11850.0,11610.0,11520.0,11440.0
247.0,11890.0,11770.0,11720.0,1660.0000000000002,1250.0,11830.000000000002,11770.0,11720.0,11630.000000000002,11060.0
248.0,11930.000000000002,11800.0,11400.0,3610.0,3600.0,11800.0,11790.0,11570.0,11400.0,11390.0
249.0,11910.0,11900.0,11890.0,10480.000000000002,10470.0,11910.0,11900.0,11890.0,11660.0,10760.0
250.0,12030.000000000002,12020.0,11820.0,11780.000000000002,11770.0,11840.0,11830.000000000002,11820.0,11780.000000000002,11770.0
251.0,12040.0,11880.000000000002,11680.000000000002,11670.0,1820.0,11690.0,11680.000000000002,11670.0,10300.0,10100.0
252.0,12000.0,11910.0,11800.0,11790.0,11700.0,12000.0,11800.0,11790.0,11700.0,11130.000000000002
253.0,11940.0,3480.0000000000005,1770.0,1760.0000000000002,1250.0,11940.0,11800.0,11770.0,11680.000000000002,11350.0
254.0,11870.0,11790.0,11740.0,11180.000000000002,11170.0,11870.0,11790.0,11740.0,11730.000000000002,11550.0
255.0,12010.0,11780.000000000002,11770.0,11650.0,1280.0,11780.000000000002,11770.0,11660.0,11650.0,11640.0
256.0,11940.0,11880.000000000002,10530.000000000002,3400.0,1760.0000000000002,11940.0,11880.000000000002,11370.0,10840.0,10640.0
257.0,11890.0,11880.000000000002,11790.0,3390.0,1820.0,11890.0,11880.000000000002,11790.0,11780.000000000002,11590.0
258.0,12160.0,12080.000000000002,11880.000000000002,11870.0,11780.000000000002,12080.000000000002,11900.0,11880.000000000002,11870.0,11780.000000000002
259.0,11730.000000000002,11680.000000000002,10800.0,10600.0,3600.0,11740.0,11730.000000000002,11680.000000000002,11640.0,11610.0
260.0,11950.0,11940.0,11910.0,11740.0,11730.000000000002,11940.0,11740.0,11730.000000000002,11700.0,10520.0
261.0,11770.0,11660.0,11650.0,10340.0,10250.0,11770.0,11660.0,11650.0,11630.000000000002,11620.0
262.0,11910.0,11900.0,10470.0,3570.0000000000005,1230.0,11580.000000000002,11530.000000000002,11500.0,11380.000000000002,10850.0
263.0,12010.0,11860.0,11690.0,3600.0,3590.0,11860.0,11800.0,11780.000000000002,11770.0,11690.0
264.0,12120.0,11630.000000000002,10490.0,10390.0,3560.0,11780.000000000002,11690.0,11630.000000000002,11360.0,11350.0
265.0,12060.0,12050.0,10430.000000000002,3560.0,0.0,12060.0,12050.0,11770.0,11360.0,11330.000000000002
266.0,11950.0,11930.000000000002,11900.0,11870.0,1790.0000000000002,11900.0,11870.0,11700.0,11690.0,11250.0
267.0,11810.0,11650.0,10220.0,10070.0,10060.0,11810.0,11650.0,11100.0,10430.000000000002,10220.0
268.0,12110.0,12100.0,12060.0,11950.0,11820.0,11540.0,11510.0,11500.0,11260.0,10210.0
269.0,11910.0,11850.0,11740.0,11730.000000000002,11710.0,11910.0,11850.0,11710.0,11350.0,11340.0
270.0,11720.0,11710.0,11650.0,10320.0,10310.0,11830.000000000002,11720.0,11710.0,11650.0,11540.0
271.0,11910.0,11780.000000000002,11670.0,3590.0,3500.0,11910.0,11780.000000000002,11710.0,11680.000000000002,11670.0
272.0,11800.0,11720.0,11580.000000000002,10450.0,10350.0,11800.0,11750.0,11720.0,11590.0,11580.000000000002
273.0,12020.0,11970.0,11660.0,10210.0,10200.0,12020.0,11970.0,11670.0,11660.0,11580.000000000002
274.0,11930.000000000002,11720.0,11710.0,10590.0,10400.0,11720.0,11710.0,11700.0,11150.0,10400.0
275.0,12070.0,12020.0,11920.0,10310.0,10300.0,11920.0,11810.0,11490.0,11480.000000000002,10660.0
276.0,11980.000000000002,11970.0,11960.0,11950.0,11800.0,11980.000000000002,11960.0,11800.0,11720.0,11620.0
277.0,12050.0,11970.0,11870.0,11760.0,11700.0,11970.0,11820.0,11760.0,11700.0,11680.000000000002
278.0,11990.0,11980.000000000002,11970.0,11800.0,10450.0,11990.0,11970.0,11800.0,11720.0,11600.0
279.0,12050.0,12040.0,11960.0,11850.0,11840.0,11960.0,11850.0,11840.0,11500.0,11400.0
280.0,12020.0,11900.0,11860.0,11850.0,11540.0,11900.0,11860.0,11850.0,11540.0,11000.0
281.0,12090.0,11950.0,11740.0,11730.000000000002,11680.000000000002,11740.0,11730.000000000002,11680.000000000002,11510.0,11480.000000000002
282.0,12160.0,11950.0,11890.0,11810.0,11730.000000000002,11890.0,11810.0,11680.000000000002,10300.0,10090.0
283.0,11700.0,11600.0,11460.0,1800.0,1790.0000000000002,11720.0,11700.0,11610.0,11600.0,11460.0
284.0,12020.0,11900.0,11890.0,11880.000000000002,10300.0,11890.0,11880.000000000002,11670.0,11500.0,11460.0
285.0,11890.0,11810.0,11790.0,10500.0,3560.0,11890.0,11790.0,11660.0,11440.0,11430.000000000002
286.0,12090.0,11840.0,11730.000000000002,10580.000000000002,10520.0,11840.0,11730.000000000002,11460.0,11450.0,11250.0
287.0,12050.0,11910.0,11730.000000000002,11490.0,1250.0,11910.0,11730.000000000002,11720.0,11490.0,11440.0
288.0,11960.0,11910.0,11690.0,11680.000000000002,11550.0,11910.0,11680.000000000002,11550.0,11520.0,11510.0
289.0,12040.0,11990.0,11980.000000000002,11940.0,11710.0,11990.0,11940.0,11710.0,11110.0,10860.0
290.0,12100.0,12090.0,11930.000000000002,11820.0,11810.0,12090.0,11820.0,11810.0,11800.0,11640.0
291.0,12070.0,11930.000000000002,11780.000000000002,11770.0,11760.0,11930.000000000002,11900.0,11780.000000000002,11770.0,11760.0
292.0,12090.0,12030.000000000002,11780.000000000002,10430.000000000002,10300.0,11780.000000000002,11650.0,11580.000000000002,11360.0,10150.0
293.0,12200.0,12190.0,12160.0,12060.0,10410.0,12060.0,11750.0,11560.0,11520.0,11400.0
294.0,11840.0,11830.000000000002,11770.0,11710.0,11700.0,11770.0,11740.0,11710.0,11700.0,11570.0
295.0,12060.0,12050.0,11980.000000000002,11740.0,11630.000000000002,11870.0,11740.0,11670.0,11630.000000000002,11540.0
296.0,12110.0,12020.0,11820.0,10340.0,3550.0,12020.0,11850.0,11820.0,11680.000000000002,11290.0
297.0,11880.000000000002,11750.0,10530.000000000002,10460.0,10330.000000000002,11880.000000000002,11750.0,11700.0,11500.0,11490.0
298.0,12080.000000000002,11950.0,11620.0,10530.000000000002,10400.0,11950.0,11730.000000000002,11620.0,11610.0,10350.0
299.0,12060.0,11950.0,11930.000000000002,11840.0,11660.0,11840.0,11660.0,11650.0,11620.0,11610.0
300.0,12020.0,11850.0,11840.0,11770.0,11740.0,11840.0,11780.000000000002,11770.0,11740.0,11560.0
301.0,11980.000000000002,11970.0,11850.0,11840.0,10300.0,11970.0,11850.0,11840.0,11730.000000000002,11640.0
302.0,12120.0,11920.0,11910.0,11630.000000000002,10170.0,11950.0,11910.0,11630.000000000002,11620.0,10170.0
303.0,12260.0,12100.0,11930.000000000002,11890.0,10400.0,12020.0,11930.000000000002,11890.0,11870.0,11670.0
304.0,11860.0,10590.0,10470.0,10460.0,10450.0,11860.0,11840.0,11540.0,11480.000000000002,10590.0
305.0,11850.0,11640.0,11210.0,10400.0,1230.0,11850.0,11640.0,11310.0,11210.0,11200.0
306.0,12000.0,11990.0,11970.0,11650.0,10320.0,11650.0,11590.0,11580.000000000002,11550.0,11350.0
307.0,11910.0,11790.0,11760.0,11750.0,11430.000000000002,11910.0,11790.0,11760.0,11710.0,11430.000000000002
308.0,12050.0,12040.0,11970.0,11740.0,3600.0,11740.0,11730.000000000002,11670.0,11470.0,10140.0
309.0,12060.0,12050.0,12010.0,12000.0,10390.0,12050.0,12010.0,11680.000000000002,10390.0,10030.000000000002
310.0,11970.0,11850.0,11740.0,11730.000000000002,10560.0,11740.0,11730.000000000002,11560.0,11550.0,11350.0
311.0,12020.0,12010.0,11940.0,11790.0,11600.0,11790.0,11690.0,11610.0,11600.0,11590.0
312.0,12000.0,11990.0,10490.0,10480.000000000002,10340.0,12000.0,11990.0,11820.0,11690.0,11470.0
313.0,12010.0,11900.0,11870.0,11860.0,11500.0,11900.0,11860.0,11690.0,11510.0,11500.0
314.0,12240.0,12080.000000000002,12040.0,12030.000000000002,11630.000000000002,12040.0,12030.000000000002,11780.000000000002,11630.000000000002,11310.0
315.0,11840.0,10560.0,10550.0,10500.0,10400.0,11840.0,11320.0,10560.0,10550.0,10250.0
316.0,12040.0,11910.0,11840.0,11710.0,11500.0,11910.0,11720.0,11710.0,11500.0,11490.0
317.0,11950.0,11670.0,11660.0,10550.0,10540.0,11670.0,11660.0,11650.0,11580.000000000002,11320.0
318.0,12060.0,11810.0,11690.0,10480.000000000002,10410.0,11700.0,11690.0,11510.0,11480.000000000002,11450.0
319.0,11990.0,11940.0,11800.0,11690.0,11680.000000000002,11990.0,11940.0,11750.0,11690.0,11680.000000000002
320.0,11980.000000000002,11970.0,11960.0,11680.000000000002,10400.0,11970.0,11960.0,11680.000000000002,11210.0,11200.0
321.0,12160.0,11910.0,11860.0,11850.0,11210.0,11910.0,11860.0,11850.0,11250.0,11210.0
322.0,12000.0,11900.0,11810.0,11800.0,10560.0,11820.0,11810.0,11800.0,11620.0,10400.0
323.0,11920.0,11910.0,11840.0,11830.000000000002,11820.0,11920.0,11910.0,11830.000000000002,11820.0,11610.0
324.0,12030.000000000002,11920.0,11910.0,11820.0,11730.000000000002,11920.0,11820.0,11760.0,11730.000000000002,11490.0
325.0,12230.000000000002,11910.0,11860.0,11680.000000000002,10420.0,11910.0,11860.0,11680.000000000002,11670.0,10420.0
326.0,12080.000000000002,12070.0,11970.0,11920.0,11770.0,12080.000000000002,12070.0,11770.0,11440.0,10730.000000000002
327.0,12010.0,11860.0,11850.0,11840.0,10390.0,12010.0,11870.0,11840.0,11300.0,11220.0
328.0,11930.000000000002,11920.0,11770.0,11750.0,11740.0,11750.0,11740.0,11580.000000000002,11460.0,11450.0
329.0,11990.0,11970.0,11730.000000000002,10510.0,10440.0,11980.000000000002,11970.0,11730.000000000002,11330.000000000002,11320.0
330.0,12050.0,12040.0,11950.0,11940.0,11830.000000000002,12050.0,12040.0,11950.0,11850.0,11550.0
331.0,12210.0,11920.0,11690.0,11680.000000000002,10470.0,11920.0,11700.0,11690.0,11680.000000000002,10690.0
332.0,12030.000000000002,12020.0,11670.0,10620.0,10410.0,11670.0,11650.0,11630.000000000002,11600.0,11200.0
333.0,12100.0,12090.0,11950.0,11650.0,10340.0,11950.0,11650.0,11550.0,11480.000000000002,11470.0
334.0,12180.000000000002,12110.0,12010.0,11930.000000000002,11900.0,11930.000000000002,11900.0,11720.0,11290.0,11280.000000000002
335.0,11970.0,11960.0,11950.0,11880.000000000002,11870.0,11960.0,11950.0,11880.000000000002,11870.0,11800.0
336.0,12350.0,12190.0,12180.000000000002,11960.0,11860.0,11860.0,11570.0,11560.0,11480.000000000002,11460.0
337.0,12210.0,12090.0,11920.0,11800.0,11790.0,11800.0,11790.0,11630.000000000002,11560.0,11010.0
338.0,11920.0,11910.0,11860.0,10660.0,10440.0,11920.0,11910.0,11860.0,11650.0,10490.0
339.0,12180.000000000002,12090.0,12060.0,10660.0,10490.0,11740.0,11200.0,11190.0,11020.0,10490.0
340.0,11920.0,11790.0,11740.0,11730.000000000002,11600.0,11790.0,11740.0,11680.000000000002,11670.0,11600.0
341.0,12110.0,12010.0,12000.0,11850.0,11840.0,12010.0,11810.0,11730.000000000002,11370.0,11330.000000000002
342.0,11930.000000000002,11780.000000000002,11770.0,11710.0,10620.0,11780.000000000002,11770.0,11710.0,11450.0,11310.0
343.0,11990.0,11910.0,11800.0,11600.0,10570.0,11800.0,11600.0,11300.0,11240.0,11230.000000000002
344.0,12000.0,11950.0,11730.000000000002,11670.0,10400.0,12000.0,11730.000000000002,11670.0,11660.0,11600.0
345.0,11980.000000000002,11970.0,11910.0,11900.0,11730.000000000002,11910.0,11900.0,11730.000000000002,11620.0,11610.0
346.0,12080.000000000002,11660.0,11650.0,10440.0,10400.0,11880.000000000002,11750.0,11660.0,11650.0,11600.0
347.0,12260.0,11930.000000000002,11920.0,11610.0,11500.0,11740.0,11730.000000000002,11610.0,11500.0,11340.0
348.0,12090.0,12050.0,11900.0,11780.000000000002,11530.000000000002,11780.000000000002,11530.000000000002,11520.0,11450.0,11440.0
349.0,11990.0,11690.0,11670.0,11570.0,11560.0,11990.0,11690.0,11670.0,11570.0,11560.0
350.0,12010.0,12000.0,11980.000000000002,11800.0,11750.0,12010.0,11980.000000000002,11800.0,11750.0,11360.0
351.0,12130.000000000002,11880.000000000002,11830.000000000002,11820.0,11810.0,11830.000000000002,11820.0,11780.000000000002,11520.0,10620.0
352.0,12060.0,12030.000000000002,11940.0,11930.000000000002,11910.0,11940.0,11930.000000000002,11910.0,11730.000000000002,11540.0
353.0,12070.0,11940.0,11930.000000000002,11750.0,11740.0,12070.0,11940.0,11750.0,11740.0,11660.0
354.0,12100.0,12090.0,11980.000000000002,11890.0,11710.0,11710.0,11570.0,11530.000000000002,11460.0,11370.0
355.0,11890.0,11820.0,11810.0,10480.000000000002,10250.0,11890.0,11820.0,11810.0,11640.0,11600.0
356.0,11850.0,11840.0,11830.000000000002,11690.0,11320.0,11850.0,11840.0,11690.0,11520.0,11320.0
357.0,12150.0,12030.000000000002,11990.0,11980.000000000002,11400.0,11980.000000000002,11560.0,11410.0,11400.0,11390.0
358.0,12120.0,12010.0,11910.0,11530.000000000002,11090.0,11910.0,11530.000000000002,11190.0,11090.0,10970.0
359.0,12150.0,11960.0,11930.000000000002,11870.0,11770.0,11870.0,11770.0,11760.0,11720.0,11640.0
360.0,11980.000000000002,11920.0,11910.0,11820.0,11610.0,11910.0,11820.0,11700.0,11610.0,11560.0
361.0,11900.0,11890.0,11860.0,11850.0,10340.0,11860.0,11850.0,11710.0,11290.0,10970.0
362.0,11830.000000000002,11800.0,11790.0,11690.0,10260.0,11830.000000000002,11800.0,11690.0,11590.0,11360.0
363.0,11930.000000000002,11920.0,11910.0,11850.0,11650.0,11930.000000000002,11920.0,11650.0,11520.0,11390.0
364.0,11890.0,11880.000000000002,11780.000000000002,11710.0,11700.0,11710.0,11700.0,11550.0,11430.000000000002,11340.0
365.0,11810.0,11800.0,11660.0,11450.0,10520.0,11660.0,11450.0,11180.000000000002,11170.0,10640.0
366.0,11830.000000000002,11820.0,11760.0,11750.0,11690.0,11690.0,11590.0,11550.0,11450.0,10360.0
367.0,12000.0,11900.0,11740.0,11690.0,10190.0,11690.0,11670.0,11190.0,10970.0,10190.0
368.0,11870.0,11790.0,11710.0,11700.0,10240.0,11790.0,11710.0,11700.0,11610.0,11280.000000000002
369.0,12130.000000000002,11980.000000000002,11940.0,11930.000000000002,11920.0,11930.000000000002,11450.0,11300.0,10610.0,10600.0
370.0,11880.000000000002,11870.0,11590.0,11500.0,10340.0,11870.0,11590.0,11500.0,11350.0,11290.0
371.0,11900.0,11810.0,11740.0,10460.0,10300.0,11900.0,11810.0,10460.0,10310.0,10300.0
372.0,11740.0,11730.000000000002,11720.0,11640.0,11340.0,11740.0,11730.000000000002,11720.0,11640.0,11340.0
373.0,11900.0,11890.0,11460.0,11450.0,10250.0,11890.0,11600.0,11460.0,11450.0,11340.0
374.0,11990.0,11980.000000000002,11890.0,11870.0,11730.000000000002,11990.0,11980.000000000002,11590.0,11580.000000000002,10610.0
375.0,12020.0,11870.0,11830.000000000002,11820.0,11570.0,11830.000000000002,11820.0,11740.0,11570.0,11520.0
376.0,12080.000000000002,11830.000000000002,11770.0,11580.000000000002,11480.000000000002,11580.000000000002,11490.0,11480.000000000002,11470.0,11340.0
377.0,11940.0,11880.000000000002,11810.0,11560.0,10400.0,11880.000000000002,11810.0,11570.0,11560.0,11550.0
378.0,11730.000000000002,11660.0,11630.000000000002,11550.0,10470.0,11730.000000000002,11550.0,11410.0,11240.0,11230.000000000002
379.0,11880.000000000002,11870.0,11830.000000000002,11750.0,11590.0,11880.000000000002,11870.0,11620.0,11590.0,11450.0
380.0,11810.0,11780.000000000002,11510.0,11460.0,11250.0,11810.0,11510.0,11460.0,11260.0,11250.0
381.0,11810.0,11740.0,11730.000000000002,11720.0,10300.0,11730.000000000002,11720.0,11390.0,11200.0,11140.0
382.0,11830.000000000002,11730.000000000002,11720.0,11670.0,11620.0,11830.000000000002,11670.0,11530.000000000002,11290.0,10160.0
383.0,11810.0,11700.0,11600.0,11590.0,10160.0,11810.0,11700.0,11590.0,11510.0,11180.000000000002
384.0,11940.0,11880.000000000002,11870.0,11830.000000000002,11730.000000000002,11870.0,11830.000000000002,11730.000000000002,11630.000000000002,11460.0
385.0,11850.0,11830.000000000002,11730.000000000002,11720.0,10360.0,11730.000000000002,11720.0,11630.000000000002,11480.000000000002,11330.000000000002
386.0,11920.0,11650.0,11640.0,11630.000000000002,11480.000000000002,11650.0,11640.0,11630.000000000002,11470.0,11400.0
387.0,11930.000000000002,11900.0,11870.0,11860.0,10310.0,11930.000000000002,11610.0,11600.0,11290.0,11280.000000000002
388.0,11940.0,11670.0,11660.0,11650.0,11610.0,11710.0,11670.0,11660.0,11610.0,11600.0
389.0,12130.000000000002,12120.0,12100.0,11950.0,11890.0,11950.0,11890.0,11560.0,11540.0,11190.0
390.0,11940.0,11930.000000000002,11840.0,11670.0,10390.0,11840.0,11680.000000000002,11670.0,11600.0,11330.000000000002
391.0,12110.0,11910.0,11850.0,11710.0,10440.0,12110.0,11910.0,11850.0,11710.0,11380.000000000002
392.0,12200.0,12140.0,12120.0,11950.0,11810.0,11950.0,11810.0,11680.000000000002,11650.0,11640.0
393.0,12080.000000000002,12070.0,11980.000000000002,11750.0,10470.0,11980.000000000002,11750.0,11200.0,11170.0,11160.0
394.0,12050.0,12040.0,12030.000000000002,11940.0,11880.000000000002,12050.0,12040.0,11880.000000000002,11820.0,11650.0
395.0,12030.000000000002,12000.0,11920.0,11790.0,11780.000000000002,11920.0,11790.0,11780.000000000002,11700.0,11320.0
396.0,11990.0,11870.0,11830.000000000002,11660.0,11650.0,11830.000000000002,11680.000000000002,11670.0,11660.0,11650.0
397.0,11950.0,11670.0,11660.0,10320.0,10310.0,11670.0,11660.0,11270.0,10920.0,10320.0
398.0,12130.000000000002,11970.0,11900.0,11870.0,10470.0,11970.0,11740.0,11610.0,11520.0,11350.0
399.0,12080.000000000002,12070.0,11700.0,10390.0,10270.0,12070.0,11700.0,11290.0,11280.000000000002,10270.0
400.0,12120.0,11920.0,11910.0,11790.0,11540.0,11910.0,11790.0,11550.0,11540.0,11320.0
401.0,12320.0,12170.0,12160.0,12050.0,12040.0,12040.0,11600.0,11460.0,11450.0,11310.0
402.0,12050.0,12040.0,11900.0,11840.0,10170.0,11900.0,11840.0,11730.000000000002,11720.0,10460.0
403.0,12140.0,12130.000000000002,11620.0,11610.0,10390.0,11670.0,11620.0,11610.0,10400.0,10220.0
404.0,12370.0,12360.0,12350.0,12040.0,11900.0,12040.0,11900.0,10660.0,10430.000000000002,10420.0
405.0,12480.000000000002,12470.0,12370.0,12290.0,11760.0,11990.0,11770.0,11760.0,11750.0,11590.0
406.0,12210.0,11990.0,10430.000000000002,10390.0,10380.000000000002,11990.0,11650.0,10980.000000000002,10720.0,10430.000000000002
407.0,12490.0,12470.0,12460.0,12420.0,12320.0,11940.0,11610.0,11600.0,11590.0,11440.0
408.0,12460.0,12430.000000000002,12280.000000000002,12270.0,12010.0,12270.0,12010.0,11600.0,11000.0,10340.0
409.0,12200.0,12190.0,12030.000000000002,10460.0,10430.000000000002,12030.000000000002,11830.000000000002,11480.000000000002,11470.0,10430.000000000002
410.0,12600.0,12510.0,12370.0,12360.0,12030.000000000002,12030.000000000002,11560.0,11010.0,10960.0,10860.0
411.0,12410.0,12400.0,12390.0,12020.0,12010.0,12020.0,12010.0,11930.000000000002,11880.000000000002,11790.0
412.0,12510.0,12320.0,11780.000000000002,10430.000000000002,10420.0,11800.0,11780.000000000002,11680.000000000002,11590.0,10430.000000000002
413.0,12560.0,12490.0,12290.0,12230.000000000002,12090.0,11700.0,11430.000000000002,11420.0,11140.0,10310.0
414.0,12550.0,12510.0,12380.000000000002,12270.0,10270.0,12020.0,11830.000000000002,11590.0,11540.0,11530.000000000002
415.0,12480.000000000002,12460.0,12450.0,12340.0,12200.0,11850.0,11840.0,11830.000000000002,11210.0,10690.0
416.0,12580.000000000002,12250.0,12150.0,12140.0,10510.0,11900.0,11890.0,11620.0,11450.0,10500.0
417.0,12720.0,12680.000000000002,12670.0,12530.000000000002,12460.0,11680.000000000002,11630.000000000002,11620.0,11410.0,11160.0
418.0,12550.0,12510.0,12500.0,12450.0,12300.0,11520.0,11510.0,11470.0,11430.000000000002,9820.0
419.0,12690.0,12610.0,12600.0,12470.0,-12470.0,11820.0,11790.0,11720.0,11530.000000000002,11100.0
420.0,12770.0,12750.0,12740.0,12650.0,12000.0,12000.0,11800.0,11650.0,11640.0,10490.0
421.0,12630.000000000002,12450.0,10580.000000000002,10470.0,10310.0,11950.0,10470.0,10310.0,10290.0,9970.0
422.0,12740.0,12610.0,12600.0,12260.0,10490.0,12260.0,11580.000000000002,11400.0,10680.000000000002,10490.0
423.0,12480.000000000002,12350.0,12290.0,12240.0,12160.0,12160.0,11830.000000000002,11820.0,11470.0,10510.0
424.0,12740.0,12630.000000000002,12620.0,12570.0,12020.0,12110.0,12020.0,12000.0,10220.0,9880.000000000002
425.0,12640.0,12600.0,12380.000000000002,12280.000000000002,12270.0,12280.000000000002,12130.000000000002,12020.0,10580.000000000002,10480.000000000002
426.0,12770.0,12650.0,12400.0,12390.0,11960.0,11960.0,11570.0,11510.0,10160.0,10050.0
427.0,12790.0,12720.0,12710.0,12440.0,12010.0,10870.0,10580.000000000002,10540.0,10440.0,10080.000000000002
428.0,12650.0,12460.0,12310.0,12280.000000000002,12270.0,11810.0,11620.0,11430.000000000002,11420.0,11320.0
429.0,12710.0,12700.0,12420.0,12340.0,12310.0,12000.0,11990.0,11580.000000000002,11430.000000000002,11420.0
430.0,12760.0,12750.0,12740.0,12670.0,10440.0,11870.0,11860.0,10590.0,10440.0,10210.0
431.0,12630.000000000002,12500.0,12490.0,12230.000000000002,-12230.000000000002,11830.000000000002,11530.000000000002,10480.000000000002,10320.0,10070.0
432.0,12790.0,12640.0,12610.0,12580.000000000002,10290.0,12010.0,11790.0,11680.000000000002,10310.0,9910.0
433.0,12600.0,12590.0,12400.0,10510.0,-10510.0,11760.0,11420.0,10740.0,10490.0,10410.0
434.0,12730.000000000002,12600.0,12590.0,12320.0,10440.0,11680.000000000002,11560.0,11440.0,10390.0,10210.0
435.0,12790.0,12780.000000000002,12570.0,12380.000000000002,10360.0,10570.0,10520.0,10400.0,10360.0,9820.0
436.0,12760.0,12720.0,12640.0,12460.0,10360.0,11390.0,10620.0,10490.0,10330.000000000002,10190.0
437.0,12710.0,12700.0,12600.0,12590.0,10390.0,11870.0,11660.0,10540.0,10390.0,10310.0
438.0,12680.000000000002,12640.0,12620.0,12570.0,12150.0,10520.0,10460.0,10320.0,10310.0,10260.0
439.0,12620.0,12470.0,12260.0,12110.0,10550.0,11840.0,11820.0,11560.0,10070.0,10050.0
440.0,12760.0,12750.0,12740.0,12680.000000000002,12670.0,11930.000000000002,11820.0,11720.0,11520.0,11150.0
441.0,12680.000000000002,12500.0,10660.0,10380.000000000002,10370.0,11750.0,10720.0,10650.0,10320.0,10110.0
442.0,12750.0,12670.0,12660.0,12340.0,10730.000000000002,11880.000000000002,10550.0,10540.0,10280.000000000002,10120.0
443.0,12700.0,12690.0,12520.0,12280.000000000002,10520.0,10310.0,10140.0,10130.000000000002,10070.0,9940.0
444.0,12760.0,12750.0,12740.0,12640.0,12550.0,11900.0,11640.0,10470.0,9810.0,9800.0
445.0,12530.000000000002,12500.0,11940.0,11810.0,10590.0,11940.0,11810.0,11800.0,10590.0,10140.0
446.0,12620.0,12490.0,11920.0,10500.0,10440.0,11930.000000000002,11920.0,11330.000000000002,11280.000000000002,10270.0
447.0,12680.000000000002,12670.0,12660.0,12280.000000000002,10540.0,11380.000000000002,11370.0,11270.0,10450.0,10310.0
448.0,12770.0,12750.0,12620.0,12080.000000000002,12070.0,12080.000000000002,12070.0,11440.0,11380.000000000002,11300.0
449.0,12780.000000000002,12770.0,12680.000000000002,12570.0,12560.0,10620.0,10480.000000000002,10470.0,10160.0,10000.0
450.0,12730.000000000002,12670.0,12650.0,12640.0,10580.000000000002,11720.0,11580.000000000002,11060.0,10580.000000000002,10540.0
451.0,12720.0,12710.0,12630.000000000002,10550.0,-10550.0,10330.000000000002,10270.0,10260.0,10170.0,10030.000000000002
452.0,12720.0,12500.0,12430.000000000002,12420.0,10500.0,11760.0,11750.0,10500.0,10290.0,10220.0
453.0,12680.000000000002,12630.000000000002,12620.0,12320.0,12060.0,11820.0,11620.0,10440.0,10340.0,10280.000000000002
454.0,12790.0,12640.0,12210.0,12110.0,-12110.0,12210.0,11700.0,10890.0,10400.0,10080.000000000002
455.0,12720.0,12710.0,12670.0,12590.0,10720.0,11870.0,11440.0,10760.0,10720.0,10260.0
456.0,12760.0,12220.0,11940.0,10610.0,10600.0,11940.0,11580.000000000002,11460.0,10250.0,10210.0
457.0,12760.0,12680.000000000002,12280.000000000002,12160.0,10650.0,11700.0,11580.000000000002,11540.0,11280.000000000002,10390.0
458.0,12760.0,12750.0,12720.0,12600.0,10500.0,11380.000000000002,11370.0,10640.0,10500.0,10470.0
459.0,12780.000000000002,12770.0,12660.0,12650.0,12380.000000000002,12040.0,11740.0,11730.000000000002,11400.0,10490.0
460.0,12770.0,12760.0,12190.0,12180.000000000002,12170.0,11800.0,11630.000000000002,10480.000000000002,10470.0,10460.0
461.0,12720.0,12710.0,12620.0,12610.0,11840.0,11880.000000000002,11840.0,11740.0,11640.0,10580.000000000002
462.0,12790.0,12780.000000000002,12720.0,12330.000000000002,12320.0,11910.0,11600.0,11440.0,10390.0,10300.0
463.0,12790.0,12780.000000000002,12740.0,12710.0,12560.0,10730.000000000002,10720.0,10330.000000000002,10320.0,10220.0
464.0,12790.0,12690.0,12680.000000000002,12670.0,12330.000000000002,11720.0,11650.0,11420.0,10120.0,10110.0
465.0,12750.0,12680.000000000002,12310.0,12140.0,12130.000000000002,11950.0,11580.000000000002,11570.0,10070.0,10060.0
466.0,12740.0,12730.000000000002,12720.0,12630.000000000002,12620.0,11740.0,10830.000000000002,10550.0,10540.0,10270.0
467.0,12760.0,12750.0,12670.0,12500.0,12010.0,12010.0,11970.0,11510.0,11350.0,10320.0
468.0,12740.0,12730.000000000002,12710.0,12680.000000000002,12570.0,11110.0,11100.0,10520.0,10370.0,10360.0
469.0,12760.0,12750.0,12640.0,12530.000000000002,12520.0,11960.0,11880.000000000002,11510.0,11380.000000000002,10040.0
470.0,12710.0,12700.0,12660.0,12630.000000000002,12510.0,11900.0,10710.0,10680.000000000002,10610.0,10560.0
471.0,12780.000000000002,12750.0,12740.0,12640.0,12130.000000000002,11670.0,11480.000000000002,11470.0,11460.0,10440.0
472.0,12790.0,12780.000000000002,12770.0,12450.0,12330.000000000002,12020.0,11880.000000000002,10290.0,10270.0,10260.0
473.0,12730.000000000002,12700.0,12460.0,12100.0,11920.0,11240.0,10630.000000000002,10620.0,10590.0,10110.0
474.0,12700.0,12650.0,12450.0,12440.0,12250.0,12250.0,12080.000000000002,12010.0,10730.000000000002,10460.0
475.0,12760.0,12690.0,12530.000000000002,11980.000000000002,11970.0,11980.000000000002,11970.0,11730.000000000002,11720.0,10220.0
476.0,12770.0,12720.0,12660.0,11950.0,10480.000000000002,11740.0,10480.000000000002,10250.0,10170.0,10160.0
477.0,12690.0,12640.0,12630.000000000002,12530.000000000002,11920.0,11930.000000000002,11920.0,11140.0,10680.000000000002,10060.0
478.0,12760.0,12750.0,12740.0,12660.0,12650.0,11650.0,11030.000000000002,10920.0,10540.0,10190.0
479.0,12760.0,12750.0,12640.0,12120.0,11820.0,11820.0,11640.0,11630.000000000002,11550.0,10310.0
480.0,12760.0,12680.000000000002,12240.0,12090.0,10590.0,11840.0,11720.0,11510.0,10300.0,10150.0
481.0,12750.0,12740.0,12700.0,12500.0,12490.0,11390.0,10680.000000000002,10670.0,10600.0,9810.0
482.0,12760.0,12750.0,12610.0,12600.0,12550.0,11540.0,10890.0,10840.0,10830.000000000002,10030.000000000002
483.0,12770.0,12760.0,12740.0,12650.0,12230.000000000002,11960.0,10470.0,10410.0,10400.0,10390.0
484.0,12720.0,12710.0,12600.0,12560.0,12500.0,11780.000000000002,11600.0,11100.0,11090.0,10090.0
485.0,12770.0,12760.0,12650.0,12640.0,12590.0,11720.0,11690.0,11100.0,10340.0,10160.0
486.0,12790.0,12760.0,12750.0,12720.0,12660.0,12050.0,12040.0,11710.0,11550.0,11040.0
487.0,12790.0,12710.0,12660.0,12650.0,12640.0,10610.0,10200.0,10040.0,9840.0,9830.000000000002
488.0,12740.0,12560.0,12550.0,12540.0,12450.0,11670.0,11570.0,11560.0,11450.0,10120.0
489.0,12790.0,12760.0,12750.0,12740.0,12730.000000000002,11570.0,11420.0,11360.0,11210.0,10090.0
490.0,12750.0,12720.0,12710.0,12620.0,12500.0,11550.0,11460.0,11450.0,10460.0,10350.0
491.0,12790.0,12770.0,12760.0,12750.0,12430.000000000002,10880.000000000002,10570.0,10430.000000000002,10420.0,10210.0
492.0,12780.000000000002,12770.0,12760.0,12740.0,12670.0,11500.0,10880.000000000002,10480.000000000002,10020.0,10010.0
493.0,12730.000000000002,12640.0,12560.0,12410.0,12320.0,11600.0,11590.0,11530.000000000002,11510.0,10750.0
494.0,12780.000000000002,12760.0,12730.000000000002,12530.000000000002,12490.0,11520.0,10550.0,10540.0,10050.0,9920.0
495.0,12790.0,12780.000000000002,12750.0,12740.0,10620.0,10460.0,10450.0,10270.0,10260.0,10130.000000000002
496.0,12790.0,12710.0,12650.0,12050.0,-12050.0,11600.0,11510.0,11300.0,11100.0,10470.0
497.0,12660.0,12650.0,12410.0,12350.0,11870.0,11870.0,11860.0,11800.0,11640.0,10600.0
498.0,12780.000000000002,12770.0,12630.000000000002,12490.0,12130.000000000002,11960.0,11470.0,11460.0,10180.000000000002,10060.0
499.0,12720.0,12710.0,12690.0,12680.000000000002,12530.000000000002,11740.0,11500.0,10650.0,10500.0,10370.0
500.0,12690.0,12680.000000000002,12560.0,12080.000000000002,12000.0,12040.0,12000.0,11460.0,11360.0,11350.0
501.0,12680.000000000002,12510.0,12500.0,12450.0,12400.0,11390.0,10430.000000000002,10240.0,10030.000000000002,9990.0
502.0,12750.0,12650.0,12600.0,12120.0,12110.0,12120.0,12110.0,11720.0,10690.0,9990.0
503.0,12720.0,12710.0,12700.0,12590.0,12500.0,10470.0,10270.0,10080.000000000002,10070.0,9980.000000000002
504.0,12750.0,12740.0,12710.0,12500.0,12290.0,12080.000000000002,11400.0,11360.0,10010.0,10000.0
505.0,12760.0,12750.0,12640.0,12490.0,12470.0,11740.0,11730.000000000002,11710.0,11590.0,10120.0
506.0,12760.0,12700.0,12690.0,12660.0,12540.0,11870.0,11730.000000000002,11690.0,11670.0,10940.0
507.0,12740.0,12630.000000000002,12480.000000000002,12440.0,11950.0,11500.0,11070.0,10870.0,10860.0,10510.0
508.0,12770.0,12760.0,12690.0,12570.0,12380.000000000002,11820.0,11660.0,11550.0,10070.0,9980.000000000002
509.0,12760.0,12630.000000000002,12620.0,12300.0,12290.0,11900.0,10940.0,10320.0,10060.0,9820.0
510.0,12650.0,12640.0,12580.000000000002,12550.0,11810.0,11920.0,11820.0,11810.0,10820.0,10600.0
511.0,12790.0,12760.0,12600.0,12590.0,12500.0,11050.0,10720.0,10710.0,10230.000000000002,9810.0
512.0,12770.0,12760.0,12650.0,12020.0,12010.0,12020.0,12010.0,11680.000000000002,10460.0,10290.0
513.0,12790.0,12730.000000000002,12720.0,12480.000000000002,12440.0,11920.0,11720.0,11540.0,10490.0,10340.0
514.0,12780.000000000002,12770.0,12730.000000000002,12720.0,12550.0,11690.0,11580.000000000002,11150.0,10930.000000000002,10600.0
515.0,12770.0,12730.000000000002,12670.0,12660.0,12580.000000000002,11730.000000000002,11720.0,11570.0,10470.0,10020.0
516.0,12700.0,12660.0,12650.0,12590.0,12580.000000000002,11480.000000000002,10760.0,10750.0,10140.0,10130.000000000002
517.0,12740.0,12730.000000000002,12720.0,12610.0,12530.000000000002,11310.0,11300.0,10000.0,9990.0,9980.000000000002
518.0,12790.0,12780.000000000002,12720.0,12590.0,12150.0,12150.0,11260.0,10530.000000000002,10150.0,10140.0
519.0,12760.0,12750.0,12670.0,12510.0,12440.0,10650.0,10640.0,10510.0,10500.0,9760.0
520.0,12780.000000000002,12660.0,12440.0,12120.0,12110.0,12120.0,11810.0,10120.0,9980.000000000002,9910.0
521.0,12780.000000000002,12700.0,12630.000000000002,12430.000000000002,12270.0,11710.0,11690.0,11680.000000000002,11670.0,10370.0
522.0,12760.0,12750.0,12560.0,12450.0,12000.0,12000.0,11990.0,11760.0,10590.0,10570.0
523.0,12790.0,12720.0,12680.000000000002,12250.0,12240.0,10730.000000000002,10430.000000000002,10150.0,10140.0,10060.0
524.0,12700.0,12660.0,12550.0,12540.0,12450.0,11790.0,11700.0,11400.0,11390.0,9850.0
525.0,12720.0,12710.0,12610.0,12550.0,11920.0,11790.0,11780.000000000002,11630.000000000002,10000.0,9990.0
526.0,12740.0,12630.000000000002,12620.0,12580.000000000002,12570.0,11870.0,10570.0,10390.0,10020.0,10010.0
527.0,12790.0,12770.0,12720.0,12670.0,12310.0,11760.0,11750.0,10900.0,10490.0,9820.0
528.0,12670.0,12620.0,12540.0,12530.000000000002,-12530.000000000002,10580.000000000002,10570.0,10140.0,10130.000000000002,10120.0
529.0,12760.0,12750.0,12710.0,12460.0,12290.0,11360.0,10440.0,10430.000000000002,10160.0,9630.000000000002
530.0,12540.0,12310.0,12270.0,12260.0,12160.0,11040.0,10640.0,10410.0,10290.0,10220.0
531.0,12790.0,12780.000000000002,12730.000000000002,12620.0,12610.0,11770.0,11760.0,11480.000000000002,11470.0,11460.0
532.0,12790.0,12750.0,12680.000000000002,12610.0,12110.0,12110.0,12100.0,11770.0,11510.0,11240.0
533.0,12770.0,12600.0,12510.0,12440.0,12390.0,11810.0,11800.0,11540.0,10190.0,10050.0
534.0,12780.000000000002,12710.0,12580.000000000002,12470.0,12440.0,11820.0,11550.0,11510.0,11160.0,10080.000000000002
535.0,12750.0,12720.0,12710.0,12670.0,12630.000000000002,11810.0,11590.0,11560.0,10270.0,10070.0
536.0,12780.000000000002,12730.000000000002,12690.0,12540.0,12530.000000000002,11870.0,11520.0,11210.0,10250.0,10190.0
537.0,12780.000000000002,12770.0,12730.000000000002,12490.0,12190.0,12190.0,11740.0,11730.000000000002,11560.0,11550.0
538.0,12770.0,12760.0,12690.0,12490.0,12350.0,11730.000000000002,11630.000000000002,11400.0,10030.000000000002,9850.0
539.0,12760.0,12690.0,12670.0,12660.0,12560.0,11770.0,11650.0,11550.0,9870.0,9860.0
540.0,12770.0,12760.0,12750.0,12680.000000000002,12420.0,11820.0,11710.0,11620.0,11610.0,10000.0
541.0,12770.0,12760.0,12690.0,12680.000000000002,12630.000000000002,11850.0,11670.0,11390.0,11380.000000000002,9960.0
542.0,12790.0,12780.000000000002,12770.0,12720.0,-12320.0,11680.000000000002,11280.000000000002,10460.0,9870.0,-9870.0
543.0,12740.0,12730.000000000002,12660.0,12510.0,-12510.0,10530.000000000002,10210.0,10200.0,10130.000000000002,10060.0
544.0,12780.000000000002,12650.0,12600.0,12550.0,12440.0,11430.000000000002,10890.0,10350.0,10120.0,9910.0
545.0,12700.0,12650.0,12630.000000000002,12600.0,11960.0,11960.0,11490.0,11480.000000000002,11330.000000000002,10440.0
546.0,12790.0,12740.0,12610.0,12250.0,-12250.0,12250.0,11730.000000000002,11720.0,10340.0,10020.0
547.0,12730.000000000002,12720.0,12670.0,12620.0,12610.0,12010.0,11470.0,11460.0,11090.0,11060.0
548.0,12740.0,12730.000000000002,12640.0,12630.000000000002,12550.0,11810.0,11800.0,11790.0,11620.0,11600.0
549.0,12780.000000000002,12770.0,12760.0,12560.0,12550.0,11590.0,10470.0,10030.000000000002,9990.0,9810.0
550.0,12750.0,12740.0,12730.000000000002,12690.0,-12690.0,12090.0,11730.000000000002,10000.0,9930.000000000002,9920.0
551.0,12730.000000000002,12720.0,12710.0,12700.0,12210.0,11960.0,11470.0,11320.0,10520.0,10120.0
552.0,12770.0,12760.0,12740.0,12520.0,-12520.0,11920.0,11800.0,11760.0,11750.0,10510.0
553.0,12770.0,12700.0,12660.0,12510.0,12500.0,11730.000000000002,11670.0,11660.0,11490.0,10750.0
554.0,12760.0,12730.000000000002,12720.0,12710.0,12080.000000000002,12090.0,12080.000000000002,11790.0,11630.000000000002,11420.0
555.0,12740.0,12730.000000000002,12700.0,12400.0,12330.000000000002,11750.0,11560.0,11540.0,11250.0,11150.0
556.0,12740.0,12730.000000000002,12720.0,12340.0,12120.0,12120.0,12080.000000000002,11520.0,11430.000000000002,11280.000000000002
557.0,12780.000000000002,12750.0,12670.0,12360.0,-12360.0,11860.0,11850.0,11590.0,11580.000000000002,11250.0
558.0,12790.0,12590.0,12380.000000000002,11970.0,-11970.0,11490.0,11200.0,10110.0,9980.000000000002,9710.0
559.0,12790.0,12740.0,12730.000000000002,12580.000000000002,12530.000000000002,11190.0,10820.0,10810.0,10290.0,10250.0
560.0,12790.0,12780.000000000002,12720.0,12630.000000000002,12340.0,11620.0,11570.0,11340.0,10540.0,9820.0
561.0,12790.0,12700.0,12690.0,12680.000000000002,12670.0,11980.000000000002,11790.0,11420.0,11330.000000000002,10250.0
562.0,12710.0,12640.0,12580.000000000002,12570.0,12560.0,11990.0,11980.000000000002,11770.0,11570.0,11540.0
563.0,12720.0,12700.0,12670.0,12540.0,12490.0,11860.0,11790.0,11410.0,11140.0,10540.0
564.0,12770.0,12760.0,12670.0,12660.0,12520.0,11800.0,11760.0,10530.000000000002,9850.0,9750.0
565.0,12740.0,12730.000000000002,12720.0,12660.0,12620.0,12040.0,11750.0,11740.0,9980.000000000002,9840.0
566.0,12790.0,12720.0,12690.0,12680.000000000002,-12290.0,11970.0,11710.0,11560.0,9980.000000000002,9970.0
567.0,12780.000000000002,12760.0,12750.0,12580.000000000002,12570.0,12060.0,11690.0,10400.0,10190.0,10180.000000000002
568.0,12740.0,12690.0,12680.000000000002,12660.0,11920.0,11920.0,11430.000000000002,10380.000000000002,9850.0,9800.0
569.0,12730.000000000002,12710.0,12700.0,12690.0,12680.000000000002,11800.0,11790.0,11520.0,9860.0,9850.0
570.0,12780.000000000002,12690.0,12680.000000000002,12670.0,12590.0,11780.000000000002,11770.0,11690.0,11680.000000000002,11670.0
571.0,12790.0,12730.000000000002,12720.0,12690.0,12570.0,11820.0,11470.0,11460.0,11350.0,10560.0
572.0,12790.0,12760.0,12740.0,12500.0,12270.0,12270.0,11650.0,11590.0,10010.0,9780.000000000002
573.0,12790.0,12780.000000000002,12750.0,12710.0,12570.0,11750.0,11470.0,10630.000000000002,10140.0,9860.0
574.0,12790.0,12770.0,12280.000000000002,11840.0,11830.000000000002,11890.0,11840.0,11830.000000000002,11820.0,9680.000000000002
575.0,12770.0,12730.000000000002,12720.0,12710.0,12690.0,11810.0,11800.0,11640.0,11500.0,11340.0
576.0,12790.0,12750.0,12650.0,12550.0,-12550.0,11550.0,11530.000000000002,11520.0,11450.0,9860.0
577.0,12770.0,12760.0,12730.000000000002,12650.0,12490.0,11460.0,11330.000000000002,11320.0,10180.000000000002,9990.0
578.0,12780.000000000002,12680.000000000002,12650.0,12640.0,12410.0,11850.0,11840.0,11530.000000000002,10490.0,10480.000000000002
579.0,12770.0,12730.000000000002,12620.0,12610.0,12000.0,12000.0,11870.0,11860.0,10470.0,10350.0
580.0,12710.0,12700.0,12690.0,12550.0,12540.0,11760.0,11630.000000000002,11580.000000000002,11550.0,10720.0
581.0,12790.0,12690.0,12420.0,12100.0,12090.0,11740.0,11630.000000000002,11610.0,11530.000000000002,10120.0
582.0,12720.0,12710.0,12670.0,12660.0,12560.0,11810.0,11770.0,11760.0,11690.0,11610.0
583.0,12780.000000000002,12770.0,12760.0,12610.0,12560.0,11860.0,11700.0,11590.0,11310.0,10060.0
584.0,12770.0,12720.0,12660.0,12360.0,12350.0,12360.0,11830.000000000002,11820.0,11360.0,9950.0
585.0,12790.0,12750.0,12720.0,12710.0,12650.0,12080.000000000002,11310.0,11160.0,10100.0,9800.0
586.0,12790.0,12780.000000000002,12770.0,12760.0,12670.0,11660.0,11650.0,10630.000000000002,10100.0,9740.0
587.0,12730.000000000002,12720.0,12570.0,12490.0,12480.000000000002,11990.0,11440.0,11310.0,10470.0,0.0
588.0,12790.0,12780.000000000002,12760.0,12700.0,12630.000000000002,11890.0,11880.000000000002,11750.0,11670.0,11590.0
589.0,12710.0,12700.0,12690.0,12620.0,11960.0,11960.0,11660.0,11650.0,10810.0,10800.0
590.0,12790.0,12630.000000000002,12510.0,12420.0,12410.0,11820.0,11720.0,11710.0,10490.0,9710.0
591.0,12750.0,12590.0,12300.0,12040.0,12030.000000000002,12040.0,12030.000000000002,11880.000000000002,11650.0,9770.0
592.0,12790.0,12730.000000000002,12720.0,12640.0,12630.000000000002,11750.0,11670.0,11520.0,11510.0,11500.0
593.0,12780.000000000002,12770.0,12720.0,12320.0,12310.0,12320.0,11970.0,10250.0,10210.0,10010.0
594.0,12790.0,12780.000000000002,12710.0,12700.0,12590.0,11880.000000000002,11690.0,11670.0,10340.0,10200.0
595.0,12740.0,12720.0,12680.000000000002,12520.0,12510.0,11880.000000000002,11750.0,10040.0,9830.000000000002,9740.0
596.0,12790.0,12780.000000000002,12770.0,12710.0,12430.000000000002,11620.0,11610.0,11550.0,11520.0,11510.0
597.0,12780.000000000002,12720.0,12630.000000000002,12580.000000000002,12140.0,12140.0,11930.000000000002,11590.0,11580.000000000002,10570.0
598.0,12790.0,12730.000000000002,12720.0,12600.0,12270.0,11770.0,11760.0,11670.0,11660.0,11640.0
599.0,12760.0,12750.0,12730.000000000002,12720.0,12240.0,11850.0,10910.0,10320.0,10310.0,9900.0
600.0,12740.0,12710.0,12700.0,12340.0,12120.0,11910.0,11870.0,11860.0,11610.0,11600.0
601.0,12720.0,12660.0,12650.0,12620.0,12460.0,11850.0,11580.000000000002,11570.0,10480.000000000002,10190.0
602.0,12790.0,12760.0,12630.000000000002,12590.0,-12540.0,11740.0,11730.000000000002,10240.0,9970.0,9800.0
603.0,12680.000000000002,12670.0,12660.0,12550.0,12460.0,11940.0,11890.0,11830.000000000002,11820.0,11290.0
604.0,12770.0,12650.0,12640.0,12630.000000000002,12520.0,12000.0,11920.0,11460.0,10170.0,0.0
605.0,12790.0,12760.0,12560.0,12300.0,12070.0,11620.0,11610.0,11490.0,10230.000000000002,9940.0
606.0,12780.000000000002,12770.0,12730.000000000002,12720.0,12710.0,11980.000000000002,11970.0,11790.0,11600.0,11330.000000000002
607.0,12790.0,12780.000000000002,12710.0,12590.0,-12590.0,12040.0,12030.000000000002,12020.0,11690.0,11480.000000000002
608.0,12790.0,12740.0,12420.0,12210.0,-12210.0,12210.0,11990.0,10340.0,10100.0,10090.0
609.0,12770.0,12760.0,12680.000000000002,12500.0,12490.0,12210.0,11980.000000000002,11510.0,10500.0,10030.000000000002
610.0,12730.000000000002,12660.0,12600.0,12470.0,12120.0,11820.0,11810.0,11500.0,11380.000000000002,10400.0
611.0,12790.0,12730.000000000002,12700.0,12600.0,12590.0,11330.000000000002,11320.0,11290.0,10470.0,9820.0
612.0,12770.0,12760.0,12750.0,12740.0,12690.0,12000.0,11840.0,10710.0,10250.0,10240.0
613.0,12790.0,12760.0,12750.0,12740.0,12440.0,11920.0,11820.0,11810.0,11720.0,11310.0
614.0,12720.0,12690.0,12580.000000000002,12460.0,-12460.0,11970.0,11880.000000000002,11280.000000000002,10950.0,10540.0
615.0,12790.0,12780.000000000002,12760.0,12700.0,12510.0,11840.0,11780.000000000002,11640.0,11630.000000000002,10020.0
616.0,12790.0,12760.0,12630.000000000002,12510.0,-12510.0,12510.0,11980.000000000002,11630.000000000002,11620.0,11570.0
617.0,12720.0,12710.0,12700.0,12560.0,12440.0,11670.0,11550.0,11400.0,9970.0,9730.000000000002
618.0,12790.0,12610.0,11980.000000000002,11970.0,-11960.0,11980.000000000002,11970.0,11960.0,11820.0,11590.0
619.0,12740.0,12510.0,12500.0,12360.0,12350.0,12360.0,12350.0,11460.0,10210.0,10000.0
620.0,12790.0,12720.0,12660.0,12650.0,12640.0,11630.000000000002,11430.000000000002,11420.0,10630.000000000002,10480.000000000002
621.0,12780.000000000002,12710.0,12700.0,12680.000000000002,12570.0,11910.0,11900.0,10450.0,10240.0,0.0
622.0,12740.0,12730.000000000002,12680.000000000002,12650.0,12560.0,11860.0,11640.0,11630.000000000002,11490.0,0.0
623.0,12710.0,12670.0,12660.0,12620.0,12610.0,12060.0,11870.0,11860.0,11430.000000000002,10740.0
624.0,12790.0,12780.000000000002,12730.000000000002,12720.0,12470.0,11970.0,11800.0,11790.0,11700.0,11650.0
625.0,12750.0,12740.0,12730.000000000002,12620.0,12050.0,12050.0,11940.0,11900.0,11890.0,10730.000000000002
626.0,12740.0,12730.000000000002,12510.0,12410.0,12400.0,10440.0,10230.000000000002,10010.0,10000.0,9850.0
627.0,12780.000000000002,12730.000000000002,12540.0,12400.0,12390.0,11710.0,11600.0,11390.0,10580.000000000002,10430.000000000002
628.0,12750.0,12740.0,12680.000000000002,12670.0,12630.000000000002,11480.000000000002,10490.0,10330.000000000002,10080.000000000002,9870.0
629.0,12780.000000000002,12700.0,12690.0,12640.0,12460.0,11810.0,11770.0,11760.0,11460.0,11450.0
630.0,12720.0,12670.0,12660.0,12650.0,12600.0,12060.0,11990.0,11940.0,11570.0,10060.0
631.0,12790.0,12780.000000000002,12750.0,12740.0,12670.0,12110.0,11410.0,10880.000000000002,10440.0,10430.000000000002
632.0,12770.0,12760.0,12720.0,12710.0,12620.0,11510.0,11500.0,11470.0,11370.0,10570.0
633.0,12760.0,12750.0,12720.0,12710.0,12650.0,12020.0,11680.000000000002,11620.0,11610.0,10190.0
634.0,12790.0,12730.000000000002,12710.0,12310.0,12300.0,12300.0,11470.0,11460.0,10350.0,9990.0
635.0,12770.0,12740.0,12730.000000000002,12720.0,12530.000000000002,11850.0,11810.0,11510.0,10530.000000000002,10520.0
636.0,12790.0,12780.000000000002,12630.000000000002,12620.0,12610.0,11070.0,9910.0,9750.0,9680.000000000002,9670.0
637.0,12740.0,12670.0,12650.0,12640.0,-12640.0,11830.000000000002,11820.0,11630.000000000002,11620.0,11610.0
638.0,12790.0,12770.0,12760.0,12750.0,12590.0,11950.0,11620.0,11610.0,9980.000000000002,9870.0
639.0,12780.000000000002,12770.0,12710.0,12670.0,12420.0,12020.0,11850.0,11570.0,10140.0,9910.0
640.0,12680.000000000002,12670.0,12640.0,12630.000000000002,12620.0,11610.0,11600.0,11460.0,10410.0,9910.0
641.0,12720.0,12710.0,12700.0,12570.0,12110.0,11860.0,11450.0,11440.0,11370.0,11360.0
642.0,12780.000000000002,12730.000000000002,12720.0,12670.0,12570.0,12720.0,12140.0,11720.0,10000.0,9810.0
643.0,12780.000000000002,12770.0,12760.0,12720.0,12580.000000000002,11570.0,11110.0,10520.0,10100.0,0.0
644.0,12760.0,12670.0,12630.000000000002,12590.0,12300.0,11750.0,11650.0,11500.0,11490.0,10500.0
645.0,12780.000000000002,12770.0,12730.000000000002,12630.000000000002,12620.0,11650.0,11640.0,11590.0,11580.000000000002,10520.0
646.0,12790.0,12690.0,12680.000000000002,12440.0,12430.000000000002,11770.0,11370.0,10140.0,10130.000000000002,10090.0
647.0,12710.0,12700.0,12610.0,12600.0,12570.0,11860.0,11850.0,11760.0,11690.0,10000.0
648.0,12780.000000000002,12730.000000000002,12640.0,12180.000000000002,12170.0,11600.0,11590.0,10180.000000000002,10170.0,10160.0
649.0,12720.0,12710.0,12620.0,12590.0,12580.000000000002,11650.0,11360.0,11300.0,10780.000000000002,9840.0
650.0,12760.0,12720.0,12710.0,12700.0,12540.0,11990.0,11300.0,11290.0,9970.0,9960.0
651.0,12710.0,12700.0,12690.0,12660.0,12620.0,11960.0,11680.000000000002,11640.0,11630.000000000002,10200.0
652.0,12720.0,12710.0,12670.0,12520.0,12510.0,11940.0,11610.0,11550.0,11410.0,9980.000000000002
653.0,12790.0,12780.000000000002,12630.000000000002,12620.0,12610.0,12150.0,11560.0,11520.0,11220.0,10650.0
654.0,12620.0,12580.000000000002,12520.0,12460.0,12450.0,11360.0,10530.000000000002,10350.0,9720.0,9710.0
655.0,12750.0,12740.0,12730.000000000002,12680.000000000002,12540.0,11060.0,10800.0,10030.000000000002,9960.0,9950.0
656.0,12760.0,12720.0,12710.0,12480.000000000002,12200.0,11660.0,11650.0,10330.000000000002,10030.000000000002,9950.0
657.0,12790.0,12750.0,12720.0,12700.0,12640.0,11990.0,11590.0,11430.000000000002,9860.0,9850.0
658.0,12780.000000000002,12770.0,12400.0,12390.0,12130.000000000002,12130.000000000002,11980.000000000002,11320.0,10520.0,10170.0
659.0,12780.000000000002,12730.000000000002,12720.0,12630.000000000002,12570.0,11680.000000000002,11620.0,10630.000000000002,10450.0,10250.0
660.0,12770.0,12760.0,12510.0,12300.0,12290.0,12290.0,11880.000000000002,11870.0,11800.0,9750.0
661.0,12770.0,12760.0,12720.0,12670.0,12530.000000000002,12530.000000000002,11940.0,11730.000000000002,11720.0,11480.000000000002
662.0,12780.000000000002,12770.0,12590.0,12420.0,12410.0,12420.0,11450.0,11430.000000000002,11330.000000000002,10260.0
663.0,12730.000000000002,12700.0,12590.0,12140.0,12130.000000000002,11680.000000000002,11670.0,11580.000000000002,11540.0,11530.000000000002
664.0,12660.0,12530.000000000002,12370.0,12220.0,12210.0,12370.0,12220.0,12210.0,11910.0,11530.000000000002
665.0,12730.000000000002,12700.0,12500.0,12490.0,12480.000000000002,11830.000000000002,11410.0,11310.0,11120.0,9760.0
666.0,12750.0,12740.0,12590.0,12430.000000000002,12230.000000000002,12230.000000000002,11920.0,11620.0,11440.0,10120.0
667.0,12740.0,12730.000000000002,12700.0,12590.0,12560.0,12250.0,12020.0,11740.0,11310.0,0.0
668.0,12770.0,12760.0,12750.0,12690.0,12680.000000000002,11480.000000000002,11010.0,10360.0,10210.0,10150.0
669.0,12760.0,12750.0,12680.000000000002,12580.000000000002,-12580.000000000002,12020.0,11650.0,11640.0,11480.000000000002,10330.000000000002
670.0,12740.0,12730.000000000002,12580.000000000002,12500.0,12490.0,11060.0,10900.0,10690.0,10140.0,10130.000000000002
671.0,12720.0,12710.0,12700.0,12580.000000000002,12420.0,11870.0,10500.0,10280.000000000002,10270.0,0.0
672.0,12750.0,12740.0,12730.000000000002,12710.0,12640.0,11930.000000000002,11620.0,11570.0,11560.0,11490.0
673.0,12760.0,12740.0,12730.000000000002,12720.0,12590.0,12590.0,11720.0,11450.0,10330.000000000002,10320.0
674.0,12780.000000000002,12770.0,12660.0,12620.0,12610.0,11970.0,11570.0,11440.0,10390.0,10210.0
675.0,12770.0,12760.0,12680.000000000002,12490.0,-12490.0,11800.0,11680.000000000002,11600.0,11500.0,9810.0
676.0,12730.000000000002,12720.0,12690.0,12020.0,12010.0,12020.0,12010.0,11880.000000000002,11850.0,10360.0
677.0,12740.0,12700.0,12690.0,12660.0,12630.000000000002,11770.0,11700.0,11690.0,10430.000000000002,9700.0
678.0,12640.0,12620.0,12590.0,12430.000000000002,12420.0,10500.0,10200.0,9890.0,9880.000000000002,9870.0
679.0,12750.0,12700.0,12650.0,12610.0,12570.0,11650.0,11640.0,10190.0,9880.000000000002,9870.0
680.0,12750.0,12720.0,12710.0,12700.0,12460.0,11860.0,11720.0,11710.0,11140.0,10320.0
681.0,12790.0,12640.0,12630.000000000002,12620.0,12340.0,11630.000000000002,10490.0,10430.000000000002,10420.0,10040.0
682.0,12740.0,12680.000000000002,12630.000000000002,12620.0,12610.0,11910.0,11760.0,11060.0,9640.0,0.0
683.0,12660.0,12650.0,12620.0,12470.0,12310.0,11820.0,11250.0,10190.0,9960.0,0.0
684.0,12750.0,12660.0,12650.0,12600.0,12580.000000000002,11780.000000000002,11730.000000000002,11720.0,10520.0,9810.0
685.0,12780.000000000002,12770.0,12620.0,12460.0,12450.0,12120.0,11970.0,11660.0,10390.0,10060.0
686.0,12730.000000000002,12710.0,12700.0,12670.0,12660.0,12150.0,11660.0,11650.0,11410.0,11320.0
687.0,12750.0,12740.0,12720.0,12670.0,12660.0,12320.0,11470.0,11120.0,10430.000000000002,10250.0
688.0,12740.0,12730.000000000002,12560.0,12220.0,12150.0,11670.0,11660.0,11530.000000000002,11410.0,9710.0
689.0,12740.0,12640.0,12630.000000000002,12510.0,12470.0,11900.0,11880.000000000002,11530.000000000002,11520.0,10170.0
690.0,12790.0,12780.000000000002,12770.0,12760.0,12560.0,11910.0,11780.000000000002,11370.0,10470.0,10050.0
691.0,12750.0,12740.0,12730.000000000002,12670.0,12370.0,11530.000000000002,10370.0,10320.0,10230.000000000002,10030.000000000002
692.0,12700.0,12660.0,12650.0,12590.0,12580.000000000002,11750.0,11740.0,10450.0,10220.0,10210.0
693.0,12740.0,12680.000000000002,12520.0,12410.0,12300.0,12300.0,11750.0,11660.0,11470.0,10550.0
694.0,12670.0,12660.0,12600.0,12560.0,12510.0,11730.000000000002,11540.0,11530.000000000002,10190.0,10080.000000000002
695.0,12700.0,12690.0,12660.0,12650.0,12570.0,12720.0,11820.0,11770.0,11370.0,9790.0
696.0,12710.0,12700.0,12690.0,12400.0,12290.0,12050.0,11400.0,11150.0,11130.000000000002,0.0
697.0,12780.000000000002,12770.0,12760.0,12350.0,12340.0,12350.0,12340.0,11430.000000000002,10370.0,10360.0
698.0,12670.0,12570.0,12560.0,11940.0,11930.000000000002,12080.000000000002,12010.0,11940.0,11930.000000000002,10970.0
699.0,12780.000000000002,12740.0,12600.0,12570.0,12560.0,11520.0,11510.0,10950.0,9840.0,9830.000000000002
700.0,12780.000000000002,12750.0,12740.0,12690.0,12420.0,11910.0,11620.0,11610.0,10080.000000000002,9930.000000000002
701.0,12790.0,12700.0,12680.000000000002,12560.0,12410.0,11590.0,11490.0,10900.0,9880.000000000002,9870.0
702.0,12700.0,12690.0,12650.0,12640.0,12440.0,11960.0,11870.0,11320.0,10910.0,10560.0
703.0,12790.0,12750.0,12720.0,12280.000000000002,-12210.0,11810.0,11650.0,11450.0,11370.0,10450.0
704.0,12690.0,12680.000000000002,12620.0,12240.0,12090.0,12090.0,12080.000000000002,11940.0,11900.0,11410.0
705.0,12780.000000000002,12700.0,12670.0,12660.0,12620.0,11440.0,11430.000000000002,11310.0,11080.000000000002,11070.0
706.0,12770.0,12760.0,12720.0,12680.000000000002,-160.0,11900.0,11880.000000000002,11600.0,11520.0,10460.0
707.0,12750.0,12660.0,12650.0,12480.000000000002,12390.0,12050.0,11490.0,11380.000000000002,10560.0,0.0
708.0,12790.0,12770.0,12740.0,12660.0,-12650.0,11840.0,10290.0,10160.0,10090.0,10000.0
709.0,12790.0,12780.000000000002,12730.000000000002,12720.0,12530.000000000002,11540.0,10780.000000000002,10570.0,10410.0,10400.0
710.0,12700.0,12690.0,12650.0,12590.0,12460.0,12120.0,11430.000000000002,11330.000000000002,10860.0,10290.0
711.0,12750.0,12740.0,12720.0,12690.0,12650.0,12690.0,11070.0,11060.0,9850.0,9840.0
712.0,12680.000000000002,12620.0,12480.000000000002,12470.0,12430.000000000002,11700.0,11660.0,11420.0,9950.0,0.0
713.0,12750.0,12740.0,12710.0,12700.0,12150.0,12160.0,12150.0,11610.0,11600.0,11450.0
714.0,12730.000000000002,12710.0,12700.0,12530.000000000002,12520.0,11850.0,11660.0,11650.0,11640.0,10060.0
715.0,12780.000000000002,12750.0,12670.0,12660.0,12330.000000000002,12100.0,11680.000000000002,11520.0,10600.0,10140.0
716.0,12790.0,12670.0,12570.0,12530.000000000002,-12300.0,12040.0,12030.000000000002,10990.0,10570.0,10150.0
717.0,12760.0,12750.0,12680.000000000002,12490.0,12480.000000000002,11520.0,11510.0,11360.0,11350.0,11340.0
718.0,12790.0,12640.0,12630.000000000002,12500.0,12490.0,11820.0,11700.0,11640.0,11470.0,10080.000000000002
719.0,12760.0,12750.0,12720.0,12700.0,12670.0,11610.0,10690.0,10430.000000000002,10360.0,9940.0
720.0,12750.0,12690.0,12570.0,12450.0,12250.0,12100.0,11920.0,11910.0,11900.0,11830.000000000002
721.0,12750.0,12740.0,12700.0,12690.0,12560.0,12170.0,11740.0,11730.000000000002,11370.0,10840.0
722.0,12590.0,12580.000000000002,12570.0,12560.0,12410.0,11610.0,9950.0,9940.0,9840.0,9690.0
723.0,12790.0,12780.000000000002,12690.0,12590.0,12580.000000000002,11350.0,10410.0,10090.0,10010.0,9760.0
724.0,12780.000000000002,12750.0,12720.0,12700.0,-12700.0,11720.0,10520.0,10020.0,9980.000000000002,9810.0
725.0,12790.0,12780.000000000002,12680.000000000002,12660.0,12650.0,11560.0,11370.0,10730.000000000002,10150.0,10140.0
726.0,12790.0,12780.000000000002,12720.0,12710.0,12610.0,12010.0,12000.0,11750.0,11080.000000000002,9930.000000000002
727.0,12730.000000000002,12680.000000000002,12640.0,12570.0,12430.000000000002,12570.0,11810.0,11700.0,10110.0,10100.0
728.0,12730.000000000002,12690.0,12550.0,12530.000000000002,12300.0,12030.000000000002,11880.000000000002,11690.0,11500.0,11450.0
729.0,12790.0,12780.000000000002,12770.0,12720.0,12590.0,11780.000000000002,10870.0,10810.0,10200.0,9840.0
730.0,12740.0,12730.000000000002,12710.0,12700.0,12690.0,12110.0,11570.0,10840.0,10130.000000000002,9890.0
731.0,12770.0,12700.0,12690.0,12660.0,12520.0,11970.0,11660.0,11630.000000000002,10910.0,9690.0
732.0,12690.0,12640.0,12600.0,12590.0,11950.0,11950.0,11560.0,11440.0,11430.000000000002,11360.0
733.0,12790.0,12780.000000000002,12770.0,12760.0,12610.0,11400.0,10850.0,9750.0,9740.0,9640.0
734.0,12700.0,12590.0,12530.000000000002,12520.0,12180.000000000002,11880.000000000002,11540.0,11530.000000000002,11260.0,10120.0
735.0,12710.0,12570.0,12560.0,12550.0,12270.0,12270.0,11720.0,11540.0,11530.000000000002,11380.000000000002
736.0,12790.0,12730.000000000002,12620.0,12530.000000000002,-12530.000000000002,11700.0,11520.0,11510.0,10050.0,9990.0
737.0,12790.0,12620.0,12610.0,12600.0,12430.000000000002,11830.000000000002,11330.000000000002,10680.000000000002,10600.0,10200.0
738.0,12770.0,12760.0,12690.0,12680.000000000002,12640.0,11740.0,11350.0,9990.0,9830.000000000002,9770.0
739.0,12780.000000000002,12750.0,12740.0,12710.0,12510.0,11670.0,11490.0,11120.0,10100.0,10090.0
740.0,12710.0,12700.0,12630.000000000002,12600.0,-12480.000000000002,11790.0,11720.0,11420.0,11410.0,10200.0
741.0,12790.0,12690.0,12500.0,12250.0,12040.0,12040.0,11650.0,10260.0,9910.0,0.0
742.0,12770.0,12760.0,12680.000000000002,12560.0,12240.0,11540.0,11380.000000000002,10430.000000000002,10410.0,10380.000000000002
743.0,12790.0,12750.0,12740.0,12730.000000000002,12720.0,11540.0,10370.0,10070.0,9720.0,9690.0
744.0,12760.0,12720.0,12680.000000000002,12490.0,11980.000000000002,11980.000000000002,11460.0,10500.0,9880.000000000002,9720.0
745.0,12780.000000000002,12770.0,12710.0,12670.0,12340.0,10410.0,10300.0,10290.0,10020.0,9890.0
746.0,12790.0,12780.000000000002,12730.000000000002,12640.0,12630.000000000002,12080.000000000002,11700.0,11690.0,9870.0,9790.0
747.0,12730.000000000002,12690.0,12680.000000000002,12610.0,12520.0,11810.0,11310.0,10440.0,9830.000000000002,9820.0
748.0,12790.0,12780.000000000002,12770.0,12750.0,12680.000000000002,11350.0,10500.0,10050.0,2980.0,0.0
749.0,12750.0,12740.0,12730.000000000002,12720.0,12570.0,11560.0,11510.0,11500.0,10340.0,2970.0000000000005
750.0,12730.000000000002,12680.000000000002,12610.0,12600.0,12460.0,10050.0,10040.0,9910.0,9900.0,2980.0
751.0,12790.0,12760.0,12750.0,12720.0,12710.0,11750.0,11740.0,11540.0,10430.000000000002,10080.000000000002
752.0,12760.0,12650.0,12640.0,3610.0,3600.0,10500.0,2990.0,2980.0,2820.0000000000005,2350.0
753.0,12790.0,12650.0,12640.0,12570.0,12340.0,10530.000000000002,10370.0,2980.0,2820.0000000000005,2350.0
754.0,12740.0,12670.0,12560.0,10790.0,3600.0,10370.0,10210.0,2980.0,2820.0000000000005,2350.0
755.0,12780.000000000002,12700.0,12690.0,12610.0,12450.0,10100.0,2980.0,2820.0000000000005,2670.0000000000005,2350.0
756.0,12650.0,12640.0,12610.0,12370.0,1250.0,10770.0,10300.0,2980.0,2820.0000000000005,2350.0
757.0,12680.000000000002,12620.0,3610.0,3450.0,-3450.0,10200.0,9890.0,2980.0,2830.0,2820.0000000000005
758.0,12790.0,12780.000000000002,12500.0,12370.0,1250.0,10610.0,9970.0,2980.0,2970.0000000000005,2820.0000000000005
759.0,12710.0,12590.0,12580.000000000002,12420.0,3610.0,10370.0,2990.0,2980.0,2830.0,2670.0000000000005
760.0,12770.0,12760.0,12750.0,12740.0,1250.0,10440.0,10280.000000000002,10270.0,9960.0,2970.0000000000005
761.0,12790.0,12690.0,12650.0,12570.0,3610.0,9900.0,9730.000000000002,2990.0,2980.0,2820.0000000000005
762.0,12550.0,12540.0,3610.0,3450.0,1250.0,10500.0,10490.0,10250.0,2980.0,2820.0000000000005
763.0,12730.000000000002,12700.0,12590.0,3610.0,3450.0,9800.0,2990.0,2980.0,2830.0,2820.0000000000005
764.0,12780.000000000002,12770.0,12720.0,12680.000000000002,12310.0,10750.0,10360.0,10130.000000000002,10120.0,2990.0
765.0,3610.0,3460.0,3450.0,1250.0,630.0000000000001,10550.0,10240.0,2990.0,2980.0,2820.0000000000005
766.0,12770.0,12760.0,3610.0,3290.0,1250.0,10460.0,10350.0,10160.0,2980.0,2970.0000000000005
767.0,12700.0,12650.0,10520.0,3610.0,3450.0,10520.0,9900.0,9890.0,2980.0,2820.0000000000005
768.0,12690.0,12680.000000000002,12670.0,12640.0,12630.000000000002,10480.000000000002,10380.000000000002,9740.0,2970.0000000000005,2350.0
769.0,12750.0,12410.0,10520.0,3610.0,3290.0,10530.000000000002,10520.0,10360.0,2990.0,2980.0
770.0,12740.0,12730.000000000002,12720.0,12670.0,12660.0,10440.0,10430.000000000002,10270.0,9960.0,2970.0000000000005
771.0,12760.0,12740.0,3460.0,3450.0,1250.0,10520.0,10510.0,10260.0,10050.0,2980.0
772.0,12740.0,10540.0,3620.0000000000005,3300.0,630.0000000000001,10610.0,10540.0,10500.0,10180.000000000002,9910.0
773.0,12750.0,12730.000000000002,12590.0,3440.0,1250.0,10360.0,9890.0,9880.000000000002,2970.0000000000005,0.0
774.0,12710.0,12620.0,3450.0,3300.0,3290.0,10910.0,10520.0,10370.0,10360.0,10350.0
775.0,12780.000000000002,12610.0,10760.0,10750.0,10590.0,10750.0,10590.0,10530.000000000002,10430.000000000002,10280.000000000002
776.0,12610.0,10680.000000000002,3610.0,3450.0,1250.0,10520.0,10210.0,10200.0,9890.0,2980.0
777.0,12780.000000000002,12760.0,12690.0,10590.0,3460.0,10590.0,10580.000000000002,10260.0,10110.0,10100.0
778.0,3460.0,3300.0,1260.0000000000002,1250.0,630.0000000000001,10370.0,10050.0,2990.0,2980.0,2830.0
779.0,12580.000000000002,12570.0,1410.0000000000002,1250.0,620.0,10420.0,10130.000000000002,2970.0000000000005,2960.0,2820.0000000000005
780.0,12720.0,12690.0,1410.0000000000002,1260.0000000000002,630.0000000000001,2990.0,2980.0,2830.0,2820.0000000000005,2670.0000000000005
781.0,12640.0,12610.0,12600.0,3290.0,1250.0,2980.0,2970.0000000000005,2960.0,2950.0,2820.0000000000005
782.0,12720.0,12700.0,12620.0,1260.0000000000002,1250.0,3140.0,2990.0,2980.0,2830.0,2820.0000000000005
783.0,3290.0,3130.0,2820.0000000000005,2660.0,1250.0,3130.0,2980.0,2970.0000000000005,2820.0000000000005,2810.0
784.0,12780.000000000002,3290.0,2820.0000000000005,2660.0,2350.0,2980.0,2970.0000000000005,2830.0,2820.0000000000005,2660.0
785.0,10580.000000000002,2660.0,1720.0,1250.0,630.0000000000001,10580.000000000002,10570.0,10260.0,10110.0,2970.0000000000005
786.0,2820.0000000000005,2670.0000000000005,2660.0,2200.0,2190.0,2980.0,2830.0,2820.0000000000005,2670.0000000000005,2660.0
787.0,3600.0,3440.0,1720.0,1560.0000000000002,1250.0,10180.000000000002,9710.0,3130.0,2970.0000000000005,2660.0
788.0,1570.0,1410.0000000000002,1260.0000000000002,1250.0,630.0000000000001,10040.0,10030.000000000002,9710.0,9500.0,2980.0
789.0,1560.0000000000002,1410.0000000000002,1250.0,630.0000000000001,620.0,10190.0,10140.0,9980.000000000002,9810.0,9600.0
790.0,1570.0,1410.0000000000002,1260.0000000000002,1250.0,630.0000000000001,10690.0,10680.000000000002,10190.0,9700.0,2510.0
791.0,12250.0,1250.0,1100.0,940.0,780.0000000000001,11230.000000000002,11220.0,10630.000000000002,10620.0,10200.0
792.0,1260.0000000000002,1250.0,1100.0,630.0000000000001,470.0,10040.0,9850.0,9740.0,2820.0000000000005,2510.0
793.0,1570.0,1410.0000000000002,1250.0,940.0,470.0,10300.0,10250.0,10000.0,9990.0,2510.0
794.0,12050.0,1880.0,1250.0,630.0000000000001,470.0,11440.0,11400.0,11390.0,2820.0000000000005,2510.0
795.0,2190.0,1880.0,1250.0,630.0000000000001,470.0,10000.0,9900.0,9890.0,2820.0000000000005,2510.0
796.0,2980.0,1250.0,630.0000000000001,620.0,470.0,10680.000000000002,10670.0,9920.0,2830.0,2820.0000000000005
797.0,3460.0,1250.0,630.0000000000001,620.0,10.0,10050.0,10040.0,2820.0000000000005,2660.0,2510.0
